elenco_id,video_owner,giocatore,punti_totali,punteggi_singole_gare,num_gare,titolo,video_id,link,upload_date
1,oessaM,PAR,58,"2,3,3,4,3,3,3,5,4,4,5,5,5,4,5",15,"UNA GOLFATINA ZUCCHERATA🍭 con Dread, Rohn, Gabbo e Delu",GAJyP4Qc5Es,https://www.youtube.com/watch?v=GAJyP4Qc5Es,20260622
1,oessaM,nonsonodread,45,"2,3,2,3,2,3,3,2,3,5,5,2,2,5,3",15,"UNA GOLFATINA ZUCCHERATA🍭 con Dread, Rohn, Gabbo e Delu",GAJyP4Qc5Es,https://www.youtube.com/watch?v=GAJyP4Qc5Es,20260622
1,oessaM,Delux,48,"2,2,10,3,3,1,3,4,2,4,3,3,3,1,4",15,"UNA GOLFATINA ZUCCHERATA🍭 con Dread, Rohn, Gabbo e Delu",GAJyP4Qc5Es,https://www.youtube.com/watch?v=GAJyP4Qc5Es,20260622
1,oessaM,Just Rohn,49,"2,3,2,3,2,4,3,9,3,4,3,2,5,1,3",15,"UNA GOLFATINA ZUCCHERATA🍭 con Dread, Rohn, Gabbo e Delu",GAJyP4Qc5Es,https://www.youtube.com/watch?v=GAJyP4Qc5Es,20260622
1,oessaM,GaBBo,50,"5,3,3,2,2,5,3,2,5,3,8,1,2,2,4",15,"UNA GOLFATINA ZUCCHERATA🍭 con Dread, Rohn, Gabbo e Delu",GAJyP4Qc5Es,https://www.youtube.com/watch?v=GAJyP4Qc5Es,20260622
2,GaBBoDSQ,PAR,30,"2,3,4,3,3,3,3,3,3",9,SDROGO GOLFATINA ma IO CREDO NEL PROGETTO GABBINESS,PhqKCnbBATg,https://www.youtube.com/watch?v=PhqKCnbBATg,20260621
2,GaBBoDSQ,JTaz,37,"4,6,3,3,3,2,2,2,7,5",10,SDROGO GOLFATINA ma IO CREDO NEL PROGETTO GABBINESS,PhqKCnbBATg,https://www.youtube.com/watch?v=PhqKCnbBATg,20260621
2,GaBBoDSQ,Delux,37,"2,4,5,5,2,3,4,4,6,2",10,SDROGO GOLFATINA ma IO CREDO NEL PROGETTO GABBINESS,PhqKCnbBATg,https://www.youtube.com/watch?v=PhqKCnbBATg,20260621
2,GaBBoDSQ,GaBBo,41,"3,3,3,6,6,2,7,6,2,3",10,SDROGO GOLFATINA ma IO CREDO NEL PROGETTO GABBINESS,PhqKCnbBATg,https://www.youtube.com/watch?v=PhqKCnbBATg,20260621
2,GaBBoDSQ,nonsonodread,43,"2,6,7,5,4,1,3,4,5,6",10,SDROGO GOLFATINA ma IO CREDO NEL PROGETTO GABBINESS,PhqKCnbBATg,https://www.youtube.com/watch?v=PhqKCnbBATg,20260621
2,GaBBoDSQ,ilMasseo,44,"2,4,8,4,5,2,3,9,3,4",10,SDROGO GOLFATINA ma IO CREDO NEL PROGETTO GABBINESS,PhqKCnbBATg,https://www.youtube.com/watch?v=PhqKCnbBATg,20260621
3,Around Dread,PAR,62,"3,3,3,4,3,4,3,3,4,3,4,4,3,4,3,4,3,4",18,"GOLFATINA DELIZIOSA con Dread, Rohn, Gabbo, Delux, Mollu",VOkBVCSZfPU,https://www.youtube.com/watch?v=VOkBVCSZfPU,20260620
3,Around Dread,Just Rohn,68,"2,4,5,3,4,6,4,2,5,4,3,4,5,3,5,4,1,4",18,"GOLFATINA DELIZIOSA con Dread, Rohn, Gabbo, Delux, Mollu",VOkBVCSZfPU,https://www.youtube.com/watch?v=VOkBVCSZfPU,20260620
3,Around Dread,Delux,83,"4,3,1,5,2,3,2,1,7,4,4,5,11,3,4,3,7,14",18,"GOLFATINA DELIZIOSA con Dread, Rohn, Gabbo, Delux, Mollu",VOkBVCSZfPU,https://www.youtube.com/watch?v=VOkBVCSZfPU,20260620
3,Around Dread,nonsonodread,84,"2,4,3,10,5,5,2,2,6,4,6,7,7,3,4,3,5,6",18,"GOLFATINA DELIZIOSA con Dread, Rohn, Gabbo, Delux, Mollu",VOkBVCSZfPU,https://www.youtube.com/watch?v=VOkBVCSZfPU,20260620
3,Around Dread,GaBBo,86,"6,4,4,6,2,8,3,2,4,4,6,6,10,3,3,4,3,8",18,"GOLFATINA DELIZIOSA con Dread, Rohn, Gabbo, Delux, Mollu",VOkBVCSZfPU,https://www.youtube.com/watch?v=VOkBVCSZfPU,20260620
4,Just Rohn JR,PAR,54,"2,3,5,2,3,4,3,2,4,3,2,3,4,3,2,4,2,3",18,"UNA GOLFATINA NEI CIELI...PASSATA A INSULTARE CHI CI ABITA w/ROHN, DREAD, GABBO, DELUX e il MASSEO ⛳",SjL8fdo25HY,https://www.youtube.com/watch?v=SjL8fdo25HY,20260619
4,Just Rohn JR,Just Rohn,43,"2,3,2,2,1,3,2,2,5,3,2,4,3,2,2,2,1,2",18,"UNA GOLFATINA NEI CIELI...PASSATA A INSULTARE CHI CI ABITA w/ROHN, DREAD, GABBO, DELUX e il MASSEO ⛳",SjL8fdo25HY,https://www.youtube.com/watch?v=SjL8fdo25HY,20260619
4,Just Rohn JR,Just Marzaa,45,"1,2,2,2,1,2,4,3,8,3,1,2,3,1,2,2,2,4",18,"UNA GOLFATINA NEI CIELI...PASSATA A INSULTARE CHI CI ABITA w/ROHN, DREAD, GABBO, DELUX e il MASSEO ⛳",SjL8fdo25HY,https://www.youtube.com/watch?v=SjL8fdo25HY,20260619
4,Just Rohn JR,Delux,45,"3,4,1,2,1,1,3,2,6,2,1,4,4,3,2,2,2,2",18,"UNA GOLFATINA NEI CIELI...PASSATA A INSULTARE CHI CI ABITA w/ROHN, DREAD, GABBO, DELUX e il MASSEO ⛳",SjL8fdo25HY,https://www.youtube.com/watch?v=SjL8fdo25HY,20260619
4,Just Rohn JR,nonsonodread,50,"2,2,2,2,2,3,4,3,4,2,2,5,3,2,1,2,4,5",18,"UNA GOLFATINA NEI CIELI...PASSATA A INSULTARE CHI CI ABITA w/ROHN, DREAD, GABBO, DELUX e il MASSEO ⛳",SjL8fdo25HY,https://www.youtube.com/watch?v=SjL8fdo25HY,20260619
4,Just Rohn JR,GaBBo,60,"3,3,2,2,2,3,4,2,6,3,1,5,4,5,1,3,3,8",18,"UNA GOLFATINA NEI CIELI...PASSATA A INSULTARE CHI CI ABITA w/ROHN, DREAD, GABBO, DELUX e il MASSEO ⛳",SjL8fdo25HY,https://www.youtube.com/watch?v=SjL8fdo25HY,20260619
5,Delux,PAR,75,"2,3,3,4,3,4,4,4,3,4,5,4,4,5,6,5",16,"UNA GOLFATINA MOLTO EDUCATA. con Delux, Rohn, Gabbo & Masseo",wwmsp8CASPU,https://www.youtube.com/watch?v=wwmsp8CASPU,20260618
5,Delux,Delux,58,"2,1,2,4,2,4,4,2,3,2,5,3,3,5,6,2,4,4",18,"UNA GOLFATINA MOLTO EDUCATA. con Delux, Rohn, Gabbo & Masseo",wwmsp8CASPU,https://www.youtube.com/watch?v=wwmsp8CASPU,20260618
5,Delux,Just Rohn,64,"2,1,2,3,2,2,3,4,2,3,5,4,3,4,10,2,8,6",18,"UNA GOLFATINA MOLTO EDUCATA. con Delux, Rohn, Gabbo & Masseo",wwmsp8CASPU,https://www.youtube.com/watch?v=wwmsp8CASPU,20260618
5,Delux,GaBBo,67,"2,2,1,3,1,6,3,5,2,2,4,4,2,7,8,3,5,7",18,"UNA GOLFATINA MOLTO EDUCATA. con Delux, Rohn, Gabbo & Masseo",wwmsp8CASPU,https://www.youtube.com/watch?v=wwmsp8CASPU,20260618
5,Delux,nonsonodread,70,"3,2,2,4,2,5,2,7,2,4,4,4,4,5,7,3,4,8",18,"UNA GOLFATINA MOLTO EDUCATA. con Delux, Rohn, Gabbo & Masseo",wwmsp8CASPU,https://www.youtube.com/watch?v=wwmsp8CASPU,20260618
6,Just Rohn JR,PAR,55,"4,3,3,3,4,3,4,4,6,3,3,3,2,3,7",15,"UNA FRESCA GOLFATINA TRA LE CASCATE...NON BASTA A TENERCI CALMI w/ROHN, DREAD, GABBO e DELUX ⛳",Msk6dgjsLLc,https://www.youtube.com/watch?v=Msk6dgjsLLc,20260612
6,Just Rohn JR,Just Rohn,58,"3,5,7,3,3,2,3,1,6,1,6,3,4,2,9",15,"UNA FRESCA GOLFATINA TRA LE CASCATE...NON BASTA A TENERCI CALMI w/ROHN, DREAD, GABBO e DELUX ⛳",Msk6dgjsLLc,https://www.youtube.com/watch?v=Msk6dgjsLLc,20260612
6,Just Rohn JR,Delux,59,"4,3,3,5,5,1,2,2,6,4,4,2,5,3,10",15,"UNA FRESCA GOLFATINA TRA LE CASCATE...NON BASTA A TENERCI CALMI w/ROHN, DREAD, GABBO e DELUX ⛳",Msk6dgjsLLc,https://www.youtube.com/watch?v=Msk6dgjsLLc,20260612
6,Just Rohn JR,nonsonodread,59,"4,4,4,4,5,1,7,1,5,4,4,1,4,4,7",15,"UNA FRESCA GOLFATINA TRA LE CASCATE...NON BASTA A TENERCI CALMI w/ROHN, DREAD, GABBO e DELUX ⛳",Msk6dgjsLLc,https://www.youtube.com/watch?v=Msk6dgjsLLc,20260612
6,Just Rohn JR,ilMasseo,70,"4,4,4,5,5,4,9,3,5,5,3,2,4,2,11",15,"UNA FRESCA GOLFATINA TRA LE CASCATE...NON BASTA A TENERCI CALMI w/ROHN, DREAD, GABBO e DELUX ⛳",Msk6dgjsLLc,https://www.youtube.com/watch?v=Msk6dgjsLLc,20260612
7,Delux,PAR,66,"2,2,3,2,4,4,3,4,4,5,4,4,4,3,4,4,4,6",18,"QUESTA É LA GOLFATINA RISTORATIVA. con Delux, Dread, Gabbo, Rohn & Mollu",Hu7tK5NXzrU,https://www.youtube.com/watch?v=Hu7tK5NXzrU,20260611
7,Delux,Just Rohn,68,"1,2,4,3,2,4,3,3,8,4,1,3,3,5,4,5,4,11",18,"QUESTA É LA GOLFATINA RISTORATIVA. con Delux, Dread, Gabbo, Rohn & Mollu",Hu7tK5NXzrU,https://www.youtube.com/watch?v=Hu7tK5NXzrU,20260611
7,Delux,Delux,82,"1,6,4,2,2,7,4,7,6,4,2,5,3,4,3,2,6,14",18,"QUESTA É LA GOLFATINA RISTORATIVA. con Delux, Dread, Gabbo, Rohn & Mollu",Hu7tK5NXzrU,https://www.youtube.com/watch?v=Hu7tK5NXzrU,20260611
7,Delux,GaBBo,85,"3,4,2,2,5,4,6,4,8,4,2,4,4,5,4,4,8,12",18,"QUESTA É LA GOLFATINA RISTORATIVA. con Delux, Dread, Gabbo, Rohn & Mollu",Hu7tK5NXzrU,https://www.youtube.com/watch?v=Hu7tK5NXzrU,20260611
7,Delux,nonsonodread,86,"3,2,4,4,3,7,5,9,8,5,1,3,2,4,3,6,3,14",18,"QUESTA É LA GOLFATINA RISTORATIVA. con Delux, Dread, Gabbo, Rohn & Mollu",Hu7tK5NXzrU,https://www.youtube.com/watch?v=Hu7tK5NXzrU,20260611
8,Around Dread,PAR,47,"2,2,2,2,2,2,2,3,2,2,3,3,4,3,2,3,3,5",18,GOLFATINA ESTIVA PER DIVERTIRCI FRA AMICI (non ci siamo divertiti),XWkrat_kXCw,https://www.youtube.com/watch?v=XWkrat_kXCw,20260610
8,Around Dread,Delux,40,"2,3,3,4,1,1,2,2,1,2,1,2,4,3,1,1,2,5",18,GOLFATINA ESTIVA PER DIVERTIRCI FRA AMICI (non ci siamo divertiti),XWkrat_kXCw,https://www.youtube.com/watch?v=XWkrat_kXCw,20260610
8,Around Dread,Just Rohn,46,"2,1,2,2,1,1,2,2,1,3,1,3,14,1,3,2,2,3",18,GOLFATINA ESTIVA PER DIVERTIRCI FRA AMICI (non ci siamo divertiti),XWkrat_kXCw,https://www.youtube.com/watch?v=XWkrat_kXCw,20260610
8,Around Dread,ilMasseo,47,"2,4,2,2,6,3,5,2,1,3,1,3,1,2,3,2,3,2",18,GOLFATINA ESTIVA PER DIVERTIRCI FRA AMICI (non ci siamo divertiti),XWkrat_kXCw,https://www.youtube.com/watch?v=XWkrat_kXCw,20260610
8,Around Dread,nonsonodread,50,"4,2,3,2,1,1,3,2,1,2,4,3,8,2,2,1,6,3",18,GOLFATINA ESTIVA PER DIVERTIRCI FRA AMICI (non ci siamo divertiti),XWkrat_kXCw,https://www.youtube.com/watch?v=XWkrat_kXCw,20260610
9,oessaM,PAR,72,"5,4,4,4,4,4,4,4,4,4,4,4,4,4,4,4,4,3",18,"GOLFATINA SBUDELLANTE con Dread, Rohn, Gabbo e Delu",x9M1RflGCE4,https://www.youtube.com/watch?v=x9M1RflGCE4,20260608
9,oessaM,Just Rohn,53,"2,2,4,8,3,3,3,2,4,2,3,3,3,3,3,3,2,2",18,"GOLFATINA SBUDELLANTE con Dread, Rohn, Gabbo e Delu",x9M1RflGCE4,https://www.youtube.com/watch?v=x9M1RflGCE4,20260608
9,oessaM,nonsonodread,54,"2,3,2,3,2,5,2,4,7,6,2,2,2,3,2,3,1,3",18,"GOLFATINA SBUDELLANTE con Dread, Rohn, Gabbo e Delu",x9M1RflGCE4,https://www.youtube.com/watch?v=x9M1RflGCE4,20260608
9,oessaM,Mollu,56,"2,5,5,4,2,4,2,2,5,3,2,2,2,3,2,4,2,5",18,"GOLFATINA SBUDELLANTE con Dread, Rohn, Gabbo e Delu",x9M1RflGCE4,https://www.youtube.com/watch?v=x9M1RflGCE4,20260608
9,oessaM,GaBBo,69,"2,5,3,6,3,5,3,2,5,4,2,3,4,4,2,3,10,3",18,"GOLFATINA SBUDELLANTE con Dread, Rohn, Gabbo e Delu",x9M1RflGCE4,https://www.youtube.com/watch?v=x9M1RflGCE4,20260608
10,Just Rohn JR,PAR,83,"2,3,5,5,6,6,4,4,5,4,5,4,6,4,4,4",16,"UNA CALDA GOLFATINA...CHE SAPPIAMO GIA' COME ANDRA' A FINIRE w/ROHN, DREAD, GABBO, MOLLU e DELUX ⛳",la960Us8FWQ,https://www.youtube.com/watch?v=la960Us8FWQ,20260606
10,Just Rohn JR,Just Rohn,62,"1,4,2,5,3,5,2,4,2,3,3,3,3,3,7,2,6,4",18,"UNA CALDA GOLFATINA...CHE SAPPIAMO GIA' COME ANDRA' A FINIRE w/ROHN, DREAD, GABBO, MOLLU e DELUX ⛳",la960Us8FWQ,https://www.youtube.com/watch?v=la960Us8FWQ,20260606
10,Just Rohn JR,JTaz,63,"2,3,2,3,2,3,8,3,3,2,4,6,3,3,8,2,4,2",18,"UNA CALDA GOLFATINA...CHE SAPPIAMO GIA' COME ANDRA' A FINIRE w/ROHN, DREAD, GABBO, MOLLU e DELUX ⛳",la960Us8FWQ,https://www.youtube.com/watch?v=la960Us8FWQ,20260606
10,Just Rohn JR,Delux,65,"1,1,2,5,6,3,3,3,3,2,1,4,4,7,12,3,1,4",18,"UNA CALDA GOLFATINA...CHE SAPPIAMO GIA' COME ANDRA' A FINIRE w/ROHN, DREAD, GABBO, MOLLU e DELUX ⛳",la960Us8FWQ,https://www.youtube.com/watch?v=la960Us8FWQ,20260606
10,Just Rohn JR,nonsonodread,78,"2,3,4,4,4,4,8,3,2,1,5,3,4,14,8,4,5,2",18,"UNA CALDA GOLFATINA...CHE SAPPIAMO GIA' COME ANDRA' A FINIRE w/ROHN, DREAD, GABBO, MOLLU e DELUX ⛳",la960Us8FWQ,https://www.youtube.com/watch?v=la960Us8FWQ,20260606
10,Just Rohn JR,ilMasseo,78,"3,3,8,4,5,9,5,4,4,3,3,2,3,3,9,6,4,2",18,"UNA CALDA GOLFATINA...CHE SAPPIAMO GIA' COME ANDRA' A FINIRE w/ROHN, DREAD, GABBO, MOLLU e DELUX ⛳",la960Us8FWQ,https://www.youtube.com/watch?v=la960Us8FWQ,20260606
11,GaBBoDSQ,PAR,62,"2,2,3,3,3,3,4,3,3,3,3,3,4,4,4,5,5,5",18,SDROGO GOLFATINA ESPLOSIVA ( letteralmente ),YleYm6W8AU4,https://www.youtube.com/watch?v=YleYm6W8AU4,20260605
11,GaBBoDSQ,Mollu,74,"2,3,2,1,3,4,6,4,2,3,14,4,4,5,25,7,3",17,SDROGO GOLFATINA ESPLOSIVA ( letteralmente ),YleYm6W8AU4,https://www.youtube.com/watch?v=YleYm6W8AU4,20260605
11,GaBBoDSQ,Just Rohn,77,"2,2,2,2,6,5,2,4,3,5,3,2,5,6,5,5,14,4",18,SDROGO GOLFATINA ESPLOSIVA ( letteralmente ),YleYm6W8AU4,https://www.youtube.com/watch?v=YleYm6W8AU4,20260605
11,GaBBoDSQ,Delux,78,"2,2,2,1,4,10,4,5,3,10,4,1,4,5,2,4,14,1",18,SDROGO GOLFATINA ESPLOSIVA ( letteralmente ),YleYm6W8AU4,https://www.youtube.com/watch?v=YleYm6W8AU4,20260605
11,GaBBoDSQ,nonsonodread,92,"3,4,3,2,5,2,5,3,5,14,4,2,3,8,4,4,14,7",18,SDROGO GOLFATINA ESPLOSIVA ( letteralmente ),YleYm6W8AU4,https://www.youtube.com/watch?v=YleYm6W8AU4,20260605
11,GaBBoDSQ,GaBBo,107,"2,2,4,3,12,8,4,4,2,6,4,4,11,7,5,6,14,9",18,SDROGO GOLFATINA ESPLOSIVA ( letteralmente ),YleYm6W8AU4,https://www.youtube.com/watch?v=YleYm6W8AU4,20260605
12,Delux,PAR,61,"2,2,2,2,2,3,4,3,3,3,4,4,5,5,3,3,5,6",18,"UNA GOLFATINA DEMONIACA. con Delux, Dread, Gabbo & JTaz from the stars",lj5-ddG4zTM,https://www.youtube.com/watch?v=lj5-ddG4zTM,20260528
12,Delux,GaBBo,87,"2,2,2,3,2,3,5,2,3,3,12,11,9,4,7,3,7,7",18,"UNA GOLFATINA DEMONIACA. con Delux, Dread, Gabbo & JTaz from the stars",lj5-ddG4zTM,https://www.youtube.com/watch?v=lj5-ddG4zTM,20260528
12,Delux,ilMasseo,87,"2,2,3,2,3,3,4,4,35,14,7,8,6,4,7,4,6",17,"UNA GOLFATINA DEMONIACA. con Delux, Dread, Gabbo & JTaz from the stars",lj5-ddG4zTM,https://www.youtube.com/watch?v=lj5-ddG4zTM,20260528
12,Delux,nonsonodread,91,"1,2,3,5,2,1,5,2,3,6,14,8,9,5,7,5,7,6",18,"UNA GOLFATINA DEMONIACA. con Delux, Dread, Gabbo & JTaz from the stars",lj5-ddG4zTM,https://www.youtube.com/watch?v=lj5-ddG4zTM,20260528
12,Delux,JTaz,136,"2,2,2,10,2,14,4,4,2,4,14,7,7,14,14,6,14,14",18,"UNA GOLFATINA DEMONIACA. con Delux, Dread, Gabbo & JTaz from the stars",lj5-ddG4zTM,https://www.youtube.com/watch?v=lj5-ddG4zTM,20260528
13,Just Rohn JR,PAR,51,"2,2,3,2,2,4,3,3,4,2,3,3,3,3,2,3,3,4",18,"GOLFATINA DI COMPLEANNO...MA MI TRATTANO TUTTI MALE w/ROHN, DREAD, MOLLU, JTAZ e il MASSEO ⛳",-NC4P43jSLs,https://www.youtube.com/watch?v=-NC4P43jSLs,20260526
13,Just Rohn JR,ilMasseo,56,"2,3,3,2,3,2,4,5,5,2,2,3,3,4,2,3,4,4",18,"GOLFATINA DI COMPLEANNO...MA MI TRATTANO TUTTI MALE w/ROHN, DREAD, MOLLU, JTAZ e il MASSEO ⛳",-NC4P43jSLs,https://www.youtube.com/watch?v=-NC4P43jSLs,20260526
13,Just Rohn JR,nonsonodread,60,"3,2,3,2,2,4,5,4,5,5,1,3,3,2,1,8,4,5",18,"GOLFATINA DI COMPLEANNO...MA MI TRATTANO TUTTI MALE w/ROHN, DREAD, MOLLU, JTAZ e il MASSEO ⛳",-NC4P43jSLs,https://www.youtube.com/watch?v=-NC4P43jSLs,20260526
13,Just Rohn JR,GaBBo,66,"3,4,3,4,2,2,3,11,5,1,3,3,3,5,3,3,5,3",18,"GOLFATINA DI COMPLEANNO...MA MI TRATTANO TUTTI MALE w/ROHN, DREAD, MOLLU, JTAZ e il MASSEO ⛳",-NC4P43jSLs,https://www.youtube.com/watch?v=-NC4P43jSLs,20260526
13,Just Rohn JR,JTaz,78,"3,3,7,2,3,3,3,3,5,3,2,4,5,4,2,2,8,16",18,"GOLFATINA DI COMPLEANNO...MA MI TRATTANO TUTTI MALE w/ROHN, DREAD, MOLLU, JTAZ e il MASSEO ⛳",-NC4P43jSLs,https://www.youtube.com/watch?v=-NC4P43jSLs,20260526
14,JTaz Extra,PAR,74,"3,3,4,3,4,4,3,3,4,5,4,5,4,4,4,6,5,6",18,"GOLFATINA da GANGSTER 💰 con DREAD, DELUX, GABBO, JTAZ",E6I5NOp2yKQ,https://www.youtube.com/watch?v=E6I5NOp2yKQ,20260523
14,JTaz Extra,Delux,44,"2,7,2,1,2,4,2,2,2,2,2,3,3,1,3,1,2,3",18,"GOLFATINA da GANGSTER 💰 con DREAD, DELUX, GABBO, JTAZ",E6I5NOp2yKQ,https://www.youtube.com/watch?v=E6I5NOp2yKQ,20260523
14,JTaz Extra,Just Rohn,52,"2,3,2,2,2,3,22,2,6,4,3,4,3,2,2,4,4",17,"GOLFATINA da GANGSTER 💰 con DREAD, DELUX, GABBO, JTAZ",E6I5NOp2yKQ,https://www.youtube.com/watch?v=E6I5NOp2yKQ,20260523
14,JTaz Extra,nonsonodread,59,"2,9,2,2,2,3,2,1,2,6,3,3,4,3,4,4,3,4",18,"GOLFATINA da GANGSTER 💰 con DREAD, DELUX, GABBO, JTAZ",E6I5NOp2yKQ,https://www.youtube.com/watch?v=E6I5NOp2yKQ,20260523
14,JTaz Extra,GaBBo,63,"2,3,2,2,4,4,8,2,2,9,3,5,3,3,3,2,4,2",18,"GOLFATINA da GANGSTER 💰 con DREAD, DELUX, GABBO, JTAZ",E6I5NOp2yKQ,https://www.youtube.com/watch?v=E6I5NOp2yKQ,20260523
14,JTaz Extra,ilMasseo,65,"2,3,2,2,4,4,2,2,2,6,2,2,2,4,4,3,14,5",18,"GOLFATINA da GANGSTER 💰 con DREAD, DELUX, GABBO, JTAZ",E6I5NOp2yKQ,https://www.youtube.com/watch?v=E6I5NOp2yKQ,20260523
15,GaBBoDSQ,PAR,69,"4,3,4,3,3,3,4,6,4,4,4,3,5,4,4,4,4,3",18,UNA MAPPA SDROGO PER UNA GOLFATINA SDROGO ( occhio al progetto ),54RjIkAC8g4,https://www.youtube.com/watch?v=54RjIkAC8g4,20260515
15,GaBBoDSQ,ilMasseo,74,"3,2,3,1,4,1,5,12,5,3,4,3,4,5,3,7,7,2",18,UNA MAPPA SDROGO PER UNA GOLFATINA SDROGO ( occhio al progetto ),54RjIkAC8g4,https://www.youtube.com/watch?v=54RjIkAC8g4,20260515
15,GaBBoDSQ,nonsonodread,78,"4,3,6,5,3,3,4,13,1,3,3,4,6,4,5,4,5,2",18,UNA MAPPA SDROGO PER UNA GOLFATINA SDROGO ( occhio al progetto ),54RjIkAC8g4,https://www.youtube.com/watch?v=54RjIkAC8g4,20260515
15,GaBBoDSQ,Delux,79,"2,5,2,2,1,2,2,16,2,8,4,1,4,5,4,2,16,1",18,UNA MAPPA SDROGO PER UNA GOLFATINA SDROGO ( occhio al progetto ),54RjIkAC8g4,https://www.youtube.com/watch?v=54RjIkAC8g4,20260515
15,GaBBoDSQ,GaBBo,87,"3,4,7,5,2,2,5,10,5,7,5,2,6,2,7,5,6,4",18,UNA MAPPA SDROGO PER UNA GOLFATINA SDROGO ( occhio al progetto ),54RjIkAC8g4,https://www.youtube.com/watch?v=54RjIkAC8g4,20260515
16,oessaM,PAR,53,"2,2,2,4,3,3,3,3,4,2,3,4,3,2,4,2,3,4",18,La PRIMA GOLFATINA non si scorda MAI: Golf With Your Friends ⛳️🏌️‍♂️,EJMEBEJzjGo,https://www.youtube.com/watch?v=EJMEBEJzjGo,20260513
16,oessaM,Delux,64,"1,2,2,4,8,4,4,5,7,1,2,3,3,2,4,4,4,8",18,La PRIMA GOLFATINA non si scorda MAI: Golf With Your Friends ⛳️🏌️‍♂️,EJMEBEJzjGo,https://www.youtube.com/watch?v=EJMEBEJzjGo,20260513
16,oessaM,nonsonodread,71,"1,1,8,5,2,3,1,6,8,1,3,6,5,3,4,5,4,5",18,La PRIMA GOLFATINA non si scorda MAI: Golf With Your Friends ⛳️🏌️‍♂️,EJMEBEJzjGo,https://www.youtube.com/watch?v=EJMEBEJzjGo,20260513
16,oessaM,ilMasseo,77,"3,3,3,4,8,4,2,3,7,4,2,6,4,4,5,3,6,6",18,La PRIMA GOLFATINA non si scorda MAI: Golf With Your Friends ⛳️🏌️‍♂️,EJMEBEJzjGo,https://www.youtube.com/watch?v=EJMEBEJzjGo,20260513
16,oessaM,GaBBo,77,"2,2,8,7,3,4,3,8,6,4,3,8,3,3,5,3,3,8",18,La PRIMA GOLFATINA non si scorda MAI: Golf With Your Friends ⛳️🏌️‍♂️,EJMEBEJzjGo,https://www.youtube.com/watch?v=EJMEBEJzjGo,20260513
17,Just Rohn JR,PAR,53,"1,2,2,2,2,2,3,2,2,3,4,3,4,4,3,4,5,5",18,"GOLFATINA OLIMPICA - UN RECORD IMPOSSIBILE DA BATTERE w/ROHN,DREAD,DELUX e JTAZ ⛳",2zdkusQJBbU,https://www.youtube.com/watch?v=2zdkusQJBbU,20260512
17,Just Rohn JR,ilMasseo,74,"1,2,1,3,2,2,2,12,4,8,4,4,5,3,10,14,6",17,"GOLFATINA OLIMPICA - UN RECORD IMPOSSIBILE DA BATTERE w/ROHN,DREAD,DELUX e JTAZ ⛳",2zdkusQJBbU,https://www.youtube.com/watch?v=2zdkusQJBbU,20260512
17,Just Rohn JR,Just Rohn,78,"1,3,2,3,2,3,1,4,1,5,4,4,6,4,3,14,14,4",18,"GOLFATINA OLIMPICA - UN RECORD IMPOSSIBILE DA BATTERE w/ROHN,DREAD,DELUX e JTAZ ⛳",2zdkusQJBbU,https://www.youtube.com/watch?v=2zdkusQJBbU,20260512
17,Just Rohn JR,GaBBo,80,"3,2,2,2,2,5,4,3,4,5,8,6,4,4,3,4,14,5",18,"GOLFATINA OLIMPICA - UN RECORD IMPOSSIBILE DA BATTERE w/ROHN,DREAD,DELUX e JTAZ ⛳",2zdkusQJBbU,https://www.youtube.com/watch?v=2zdkusQJBbU,20260512
17,Just Rohn JR,nonsonodread,83,"2,2,3,4,3,2,4,3,3,10,14,5,6,4,5,4,5,4",18,"GOLFATINA OLIMPICA - UN RECORD IMPOSSIBILE DA BATTERE w/ROHN,DREAD,DELUX e JTAZ ⛳",2zdkusQJBbU,https://www.youtube.com/watch?v=2zdkusQJBbU,20260512
17,Just Rohn JR,Mollu,88,"1,2,2,7,2,5,3,2,4,4,5,5,6,3,2,14,14,7",18,"GOLFATINA OLIMPICA - UN RECORD IMPOSSIBILE DA BATTERE w/ROHN,DREAD,DELUX e JTAZ ⛳",2zdkusQJBbU,https://www.youtube.com/watch?v=2zdkusQJBbU,20260512
18,Around Dread,PAR,40,"2,2,2,2,2,2,2,2,3,3,2,3,2,2,2,2,3,2",18,"GOLFATINA MOLTO ARRABBIATA con Dread, Rohn, Masseo, Gabbo, Delux",a6IGtNxVAGM,https://www.youtube.com/watch?v=a6IGtNxVAGM,20260509
18,Around Dread,Just Rohn,52,"1,2,5,2,3,2,2,6,4,3,2,2,1,3,2,2,7,3",18,"GOLFATINA MOLTO ARRABBIATA con Dread, Rohn, Masseo, Gabbo, Delux",a6IGtNxVAGM,https://www.youtube.com/watch?v=a6IGtNxVAGM,20260509
18,Around Dread,nonsonodread,53,"1,2,4,4,2,3,3,4,5,2,2,3,2,3,3,4,4,2",18,"GOLFATINA MOLTO ARRABBIATA con Dread, Rohn, Masseo, Gabbo, Delux",a6IGtNxVAGM,https://www.youtube.com/watch?v=a6IGtNxVAGM,20260509
18,Around Dread,Delux,44,"2,2,3,3,1,2,2,3,4,3,3,4,2,2,2,3,1,2",18,"GOLFATINA MOLTO ARRABBIATA con Dread, Rohn, Masseo, Gabbo, Delux",a6IGtNxVAGM,https://www.youtube.com/watch?v=a6IGtNxVAGM,20260509
18,Around Dread,GaBBo,71,"2,1,5,2,6,2,2,3,4,14,3,3,3,3,1,2,14,1",18,"GOLFATINA MOLTO ARRABBIATA con Dread, Rohn, Masseo, Gabbo, Delux",a6IGtNxVAGM,https://www.youtube.com/watch?v=a6IGtNxVAGM,20260509
19,Delux,PAR,53,"2,3,2,4,3,2,4,3,2,2,3,3,3,3,3,4,4,3",18,"L'ELENCO PIÚ BELLO MAI FATTO FINO AD ORA A MANI BASSE. con Delux, Rohn, Dread, Mollu & JTaz",0E5bB60k9YI,https://www.youtube.com/watch?v=0E5bB60k9YI,20260507
19,Delux,Delux,53,"1,1,2,4,2,1,1,3,3,4,1,2,5,4,3,4,7,5",18,"L'ELENCO PIÚ BELLO MAI FATTO FINO AD ORA A MANI BASSE. con Delux, Rohn, Dread, Mollu & JTaz",0E5bB60k9YI,https://www.youtube.com/watch?v=0E5bB60k9YI,20260507
19,Delux,GaBBo,57,"1,1,1,2,3,1,4,6,3,3,3,1,5,7,6,2,4,4",18,"L'ELENCO PIÚ BELLO MAI FATTO FINO AD ORA A MANI BASSE. con Delux, Rohn, Dread, Mollu & JTaz",0E5bB60k9YI,https://www.youtube.com/watch?v=0E5bB60k9YI,20260507
19,Delux,nonsonodread,59,"2,2,2,7,3,3,1,3,4,2,2,2,3,3,4,8,3,5",18,"L'ELENCO PIÚ BELLO MAI FATTO FINO AD ORA A MANI BASSE. con Delux, Rohn, Dread, Mollu & JTaz",0E5bB60k9YI,https://www.youtube.com/watch?v=0E5bB60k9YI,20260507
19,Delux,Just Rohn,65,"1,1,3,5,3,2,3,3,3,3,2,4,9,5,3,7,5,3",18,"L'ELENCO PIÚ BELLO MAI FATTO FINO AD ORA A MANI BASSE. con Delux, Rohn, Dread, Mollu & JTaz",0E5bB60k9YI,https://www.youtube.com/watch?v=0E5bB60k9YI,20260507
20,Just Rohn JR,PAR,58,"2,2,3,3,3,2,5,3,4,3,2,4,2,4,3,5,3,5",18,"GOLFATINA FINITA MALE...RAGEQUIT A META' PARTITA?! w/ROHN,DREAD,GABBO e DELUX ⛳",_uvZcJiAq5I,https://www.youtube.com/watch?v=_uvZcJiAq5I,20260501
20,Just Rohn JR,nonsonodread,61,"1,1,3,3,2,2,3,5,8,5,1,5,1,4,3,4,4,6",18,"GOLFATINA FINITA MALE...RAGEQUIT A META' PARTITA?! w/ROHN,DREAD,GABBO e DELUX ⛳",_uvZcJiAq5I,https://www.youtube.com/watch?v=_uvZcJiAq5I,20260501
20,Just Rohn JR,Just Rohn,72,"2,3,4,6,3,4,4,4,3,3,4,4,2,6,5,5,4,6",18,"GOLFATINA FINITA MALE...RAGEQUIT A META' PARTITA?! w/ROHN,DREAD,GABBO e DELUX ⛳",_uvZcJiAq5I,https://www.youtube.com/watch?v=_uvZcJiAq5I,20260501
20,Just Rohn JR,Delux,77,"3,3,4,3,2,2,3,5,3,4,4,4,5,6,2,14,6,4",18,"GOLFATINA FINITA MALE...RAGEQUIT A META' PARTITA?! w/ROHN,DREAD,GABBO e DELUX ⛳",_uvZcJiAq5I,https://www.youtube.com/watch?v=_uvZcJiAq5I,20260501
20,Just Rohn JR,GaBBo,82,"3,3,6,6,3,2,7,4,4,4,2,5,2,5,7,7,4,8",18,"GOLFATINA FINITA MALE...RAGEQUIT A META' PARTITA?! w/ROHN,DREAD,GABBO e DELUX ⛳",_uvZcJiAq5I,https://www.youtube.com/watch?v=_uvZcJiAq5I,20260501
21,JTaz Extra,PAR,51,"1,2,2,2,2,3,2,3,3,3,3,3,3,3,3,4,4,5",18,"LA GOLFATINA più TRANQUILLA di SEMPRE ⛳ con DREAD, DELUX, GABBO, JTAZ",kO4zxE6BXPA,https://www.youtube.com/watch?v=kO4zxE6BXPA,20260430
21,JTaz Extra,nonsonodread,77,"1,1,3,3,9,5,3,4,3,2,8,4,3,1,5,3,5,14",18,"LA GOLFATINA più TRANQUILLA di SEMPRE ⛳ con DREAD, DELUX, GABBO, JTAZ",kO4zxE6BXPA,https://www.youtube.com/watch?v=kO4zxE6BXPA,20260430
21,JTaz Extra,Delux,78,"1,2,2,5,2,8,2,5,8,2,5,2,6,5,4,2,9,8",18,"LA GOLFATINA più TRANQUILLA di SEMPRE ⛳ con DREAD, DELUX, GABBO, JTAZ",kO4zxE6BXPA,https://www.youtube.com/watch?v=kO4zxE6BXPA,20260430
21,JTaz Extra,Just Rohn,101,"1,3,3,14,8,5,2,6,5,6,6,4,4,7,4,7,2,14",18,"LA GOLFATINA più TRANQUILLA di SEMPRE ⛳ con DREAD, DELUX, GABBO, JTAZ",kO4zxE6BXPA,https://www.youtube.com/watch?v=kO4zxE6BXPA,20260430
21,JTaz Extra,GaBBo,102,"2,4,2,6,5,4,3,4,4,10,8,4,5,6,6,7,14,8",18,"LA GOLFATINA più TRANQUILLA di SEMPRE ⛳ con DREAD, DELUX, GABBO, JTAZ",kO4zxE6BXPA,https://www.youtube.com/watch?v=kO4zxE6BXPA,20260430
22,GaBBoDSQ,PAR,39,"2,2,2,2,2,2,2,2,3,2,2,2,2,2,2,2,4,2",18,SDROGO GOLFATINA ma IO E ROHN abbiamo LITIGATO,ZKEYfCubz1k,https://www.youtube.com/watch?v=ZKEYfCubz1k,20260429
22,GaBBoDSQ,Just Rohn,45,"2,2,2,3,2,3,2,5,3,2,2,2,2,2,2,3,4,2",18,SDROGO GOLFATINA ma IO E ROHN abbiamo LITIGATO,ZKEYfCubz1k,https://www.youtube.com/watch?v=ZKEYfCubz1k,20260429
22,GaBBoDSQ,Delux,48,"3,2,3,5,2,2,2,3,3,2,1,1,2,2,6,2,5,2",18,SDROGO GOLFATINA ma IO E ROHN abbiamo LITIGATO,ZKEYfCubz1k,https://www.youtube.com/watch?v=ZKEYfCubz1k,20260429
22,GaBBoDSQ,GaBBo,52,"2,3,4,3,2,2,2,4,5,2,2,12,2,3,2,9,2",17,SDROGO GOLFATINA ma IO E ROHN abbiamo LITIGATO,ZKEYfCubz1k,https://www.youtube.com/watch?v=ZKEYfCubz1k,20260429
22,GaBBoDSQ,nonsonodread,52,"3,3,2,2,2,2,3,2,4,4,1,8,2,3,4,2,5,2",18,SDROGO GOLFATINA ma IO E ROHN abbiamo LITIGATO,ZKEYfCubz1k,https://www.youtube.com/watch?v=ZKEYfCubz1k,20260429
23,Around Dread,PAR,54,"3,3,3,3,3,3,3,3,3,3,3,3,3,3,3,3,3,3",18,"GOLFATINA MALEDETTA (l'ultimo ci lascia per sempre) con Dread, Rohn, Gabbo, Delux",K6XbosbFIjg,https://www.youtube.com/watch?v=K6XbosbFIjg,20260422
23,Around Dread,Just Rohn,42,"2,2,1,2,2,4,1,2,2,3,2,3,3,4,4,1,2,2",18,"GOLFATINA MALEDETTA (l'ultimo ci lascia per sempre) con Dread, Rohn, Gabbo, Delux",K6XbosbFIjg,https://www.youtube.com/watch?v=K6XbosbFIjg,20260422
23,Around Dread,nonsonodread,43,"4,3,1,3,2,6,2,2,2,3,1,2,4,2,1,1,2,2",18,"GOLFATINA MALEDETTA (l'ultimo ci lascia per sempre) con Dread, Rohn, Gabbo, Delux",K6XbosbFIjg,https://www.youtube.com/watch?v=K6XbosbFIjg,20260422
23,Around Dread,Delux,43,"3,2,1,1,1,2,3,4,2,2,6,5,1,1,2,3,3,1",18,"GOLFATINA MALEDETTA (l'ultimo ci lascia per sempre) con Dread, Rohn, Gabbo, Delux",K6XbosbFIjg,https://www.youtube.com/watch?v=K6XbosbFIjg,20260422
23,Around Dread,GaBBo,64,"5,3,2,1,2,14,1,4,2,4,2,2,3,2,5,7,2,3",18,"GOLFATINA MALEDETTA (l'ultimo ci lascia per sempre) con Dread, Rohn, Gabbo, Delux",K6XbosbFIjg,https://www.youtube.com/watch?v=K6XbosbFIjg,20260422
24,Just Rohn JR,PAR,53,"1,2,2,2,2,2,3,2,2,3,4,3,4,4,3,4,5,5",18,"GOLFATINA FURIOSA!...nella MAPPA PIU' BELLA MAI GIOCATA!? w/ROHN,DREAD,GABBO e DELUX ⛳",DtzjUGyzg0I,https://www.youtube.com/watch?v=DtzjUGyzg0I,20260417
24,Just Rohn JR,nonsonodread,70,"2,2,5,3,4,4,2,1,3,2,7,6,4,4,5,2,14",17,"GOLFATINA FURIOSA!...nella MAPPA PIU' BELLA MAI GIOCATA!? w/ROHN,DREAD,GABBO e DELUX ⛳",DtzjUGyzg0I,https://www.youtube.com/watch?v=DtzjUGyzg0I,20260417
24,Just Rohn JR,Delux,71,"3,2,3,2,4,3,4,4,3,6,7,2,3,3,5,3,14",17,"GOLFATINA FURIOSA!...nella MAPPA PIU' BELLA MAI GIOCATA!? w/ROHN,DREAD,GABBO e DELUX ⛳",DtzjUGyzg0I,https://www.youtube.com/watch?v=DtzjUGyzg0I,20260417
24,Just Rohn JR,JTaz,74,"2,2,4,2,3,2,3,3,3,3,7,3,4,5,5,9,14",17,"GOLFATINA FURIOSA!...nella MAPPA PIU' BELLA MAI GIOCATA!? w/ROHN,DREAD,GABBO e DELUX ⛳",DtzjUGyzg0I,https://www.youtube.com/watch?v=DtzjUGyzg0I,20260417
24,Just Rohn JR,GaBBo,83,"3,2,2,1,3,2,8,4,3,5,5,7,4,6,3,11,14,0",18,"GOLFATINA FURIOSA!...nella MAPPA PIU' BELLA MAI GIOCATA!? w/ROHN,DREAD,GABBO e DELUX ⛳",DtzjUGyzg0I,https://www.youtube.com/watch?v=DtzjUGyzg0I,20260417
25,Around Dread,PAR,53,"4,3,3,3,3,3,2,4,4,3,2,3,3,2,3,3,3,2",18,"SDROGO GOLFATINA CON I RE DELLE PALLE (amano le mazze...) con Dread, Rohn, Gabbo, Delux",sXtQUINYS8Y,https://www.youtube.com/watch?v=sXtQUINYS8Y,20260410
25,Around Dread,Just Rohn,44,"3,2,3,4,1,4,3,1,4,2,2,2,2,2,4,1,1,3",18,"SDROGO GOLFATINA CON I RE DELLE PALLE (amano le mazze...) con Dread, Rohn, Gabbo, Delux",sXtQUINYS8Y,https://www.youtube.com/watch?v=sXtQUINYS8Y,20260410
25,Around Dread,GaBBo,48,"3,1,2,5,3,3,4,2,3,3,1,2,4,2,2,2,1,5",18,"SDROGO GOLFATINA CON I RE DELLE PALLE (amano le mazze...) con Dread, Rohn, Gabbo, Delux",sXtQUINYS8Y,https://www.youtube.com/watch?v=sXtQUINYS8Y,20260410
25,Around Dread,Delux,48,"4,2,2,5,6,2,1,2,3,3,3,1,4,2,2,1,1,4",18,"SDROGO GOLFATINA CON I RE DELLE PALLE (amano le mazze...) con Dread, Rohn, Gabbo, Delux",sXtQUINYS8Y,https://www.youtube.com/watch?v=sXtQUINYS8Y,20260410
25,Around Dread,nonsonodread,52,"2,2,3,4,3,6,3,1,4,2,4,3,2,2,2,225",16,"SDROGO GOLFATINA CON I RE DELLE PALLE (amano le mazze...) con Dread, Rohn, Gabbo, Delux",sXtQUINYS8Y,https://www.youtube.com/watch?v=sXtQUINYS8Y,20260410
26,GaBBoDSQ,PAR,59,"3,3,4,3,3,4,3,3,5,3,3,3,4,3,3,3,3,3",18,Questa volta abbiamo fatto DAVVERO ARRABBIARE il Rohnnino… 🥺 SDROGO GOLFATINA,1SoHXNKL53o,https://www.youtube.com/watch?v=1SoHXNKL53o,20260408
26,GaBBoDSQ,Mollu,54,"8,5,5,2,1,2,2,1,4,3,1,2,6,3,3,3,2,1",18,Questa volta abbiamo fatto DAVVERO ARRABBIARE il Rohnnino… 🥺 SDROGO GOLFATINA,1SoHXNKL53o,https://www.youtube.com/watch?v=1SoHXNKL53o,20260408
26,GaBBoDSQ,Just Rohn,57,"3,3,3,2,3,3,3,1,6,3,2,3,4,3,4,3,5,3",18,Questa volta abbiamo fatto DAVVERO ARRABBIARE il Rohnnino… 🥺 SDROGO GOLFATINA,1SoHXNKL53o,https://www.youtube.com/watch?v=1SoHXNKL53o,20260408
26,GaBBoDSQ,nonsonodread,64,"2,2,5,2,2,3,5,1,8,3,4,4,5,4,6,4,2,2",18,Questa volta abbiamo fatto DAVVERO ARRABBIARE il Rohnnino… 🥺 SDROGO GOLFATINA,1SoHXNKL53o,https://www.youtube.com/watch?v=1SoHXNKL53o,20260408
26,GaBBoDSQ,Delux,65,"2,2,7,5,1,3,3,1,8,3,2,7,4,5,4,3,3,2",18,Questa volta abbiamo fatto DAVVERO ARRABBIARE il Rohnnino… 🥺 SDROGO GOLFATINA,1SoHXNKL53o,https://www.youtube.com/watch?v=1SoHXNKL53o,20260408
26,GaBBoDSQ,JTaz,98,"3,5,4,2,17,5,3,1,7,5,3,5,17,5,7,3,4,2",18,Questa volta abbiamo fatto DAVVERO ARRABBIARE il Rohnnino… 🥺 SDROGO GOLFATINA,1SoHXNKL53o,https://www.youtube.com/watch?v=1SoHXNKL53o,20260408
27,Just Rohn JR,PAR,68,"2,3,3,3,4,3,4,4,5,5,5,4,4,4,3,4,4,4",18,"GOLFATINA A SQUADRE...MA UNA SQUADRA INIZIA A LITIGARE A META' PARTITA! w/ROHN,DREAD,GABBO e DELUX ⛳",aY8s3zHX0Qk,https://www.youtube.com/watch?v=aY8s3zHX0Qk,20260330
27,Just Rohn JR,Just Rohn,57,"4,2,3,2,2,3,3,2,3,3,4,42,4,4,3,5,4",17,"GOLFATINA A SQUADRE...MA UNA SQUADRA INIZIA A LITIGARE A META' PARTITA! w/ROHN,DREAD,GABBO e DELUX ⛳",aY8s3zHX0Qk,https://www.youtube.com/watch?v=aY8s3zHX0Qk,20260330
27,Just Rohn JR,nonsonodread,59,"4,2,2,3,2,4,4,3,2,5,4,4,2,3,4,3,4,4",18,"GOLFATINA A SQUADRE...MA UNA SQUADRA INIZIA A LITIGARE A META' PARTITA! w/ROHN,DREAD,GABBO e DELUX ⛳",aY8s3zHX0Qk,https://www.youtube.com/watch?v=aY8s3zHX0Qk,20260330
27,Just Rohn JR,Delux,66,"1,2,1,3,3,3,4,4,1,12,1,4,4,4,3,6,3,7",18,"GOLFATINA A SQUADRE...MA UNA SQUADRA INIZIA A LITIGARE A META' PARTITA! w/ROHN,DREAD,GABBO e DELUX ⛳",aY8s3zHX0Qk,https://www.youtube.com/watch?v=aY8s3zHX0Qk,20260330
27,Just Rohn JR,GaBBo,84,"5,2,3,4,3,2,7,3,4,8,6,5,4,2,5,3,6,12",18,"GOLFATINA A SQUADRE...MA UNA SQUADRA INIZIA A LITIGARE A META' PARTITA! w/ROHN,DREAD,GABBO e DELUX ⛳",aY8s3zHX0Qk,https://www.youtube.com/watch?v=aY8s3zHX0Qk,20260330
27,Just Rohn JR,ilMasseo,98,"4,2,2,3,3,3,5,12,8,12,12,4,11,4,3,3,6,1",18,"GOLFATINA A SQUADRE...MA UNA SQUADRA INIZIA A LITIGARE A META' PARTITA! w/ROHN,DREAD,GABBO e DELUX ⛳",aY8s3zHX0Qk,https://www.youtube.com/watch?v=aY8s3zHX0Qk,20260330
28,Just Rohn JR,PAR,61,"3,4,3,3,3,4,5,3,4,5,3,3,3,3,3,3,3,3",18,"UNA GOLFATINA INIZIATA BENE E FINITA NEL CAOS PIU' TOTALE w/ROHN,DREAD, GABBO, MOLLU e il MASSEO ⛳",YcdQ2kgViqM,https://www.youtube.com/watch?v=YcdQ2kgViqM,20260320
28,Just Rohn JR,Delux,43,"2,5,1,8,3,4,4,2,1,2,1,1,1,3,1,2,1,1",18,"UNA GOLFATINA INIZIATA BENE E FINITA NEL CAOS PIU' TOTALE w/ROHN,DREAD, GABBO, MOLLU e il MASSEO ⛳",YcdQ2kgViqM,https://www.youtube.com/watch?v=YcdQ2kgViqM,20260320
28,Just Rohn JR,Just Rohn,49,"4,5,2,8,2,2,2,2,3,4,1,1,2,4,2,2,2,1",18,"UNA GOLFATINA INIZIATA BENE E FINITA NEL CAOS PIU' TOTALE w/ROHN,DREAD, GABBO, MOLLU e il MASSEO ⛳",YcdQ2kgViqM,https://www.youtube.com/watch?v=YcdQ2kgViqM,20260320
28,Just Rohn JR,JTaz,58,"6,2,2,6,8,3,4,3,8,3,2,1,3,2,4,3,1,1",18,"UNA GOLFATINA INIZIATA BENE E FINITA NEL CAOS PIU' TOTALE w/ROHN,DREAD, GABBO, MOLLU e il MASSEO ⛳",YcdQ2kgViqM,https://www.youtube.com/watch?v=YcdQ2kgViqM,20260320
28,Just Rohn JR,nonsonodread,62,"5,5,1,14,2,2,3,3,4,4,1,2,3,3,3,1,2,4",18,"UNA GOLFATINA INIZIATA BENE E FINITA NEL CAOS PIU' TOTALE w/ROHN,DREAD, GABBO, MOLLU e il MASSEO ⛳",YcdQ2kgViqM,https://www.youtube.com/watch?v=YcdQ2kgViqM,20260320
29,Around Dread,PAR,59,"2,2,3,3,3,3,3,3,3,4,3,4,3,3,3,5,4,5",18,"GOLFATINA DEMONIACA con Dread, Masseo, Gabbo, Delux",sEUHEXe3iwM,https://www.youtube.com/watch?v=sEUHEXe3iwM,20260318
29,Around Dread,ilMasseo,45,"4,2,3,2,5,1,1,2,2,2,2,5,2,2,3,3,2,2",18,"GOLFATINA DEMONIACA con Dread, Masseo, Gabbo, Delux",sEUHEXe3iwM,https://www.youtube.com/watch?v=sEUHEXe3iwM,20260318
29,Around Dread,Mollu,47,"2,1,2,2,4,5,2,1,2,4,3,1,4,3,3,1,4,3",18,"GOLFATINA DEMONIACA con Dread, Masseo, Gabbo, Delux",sEUHEXe3iwM,https://www.youtube.com/watch?v=sEUHEXe3iwM,20260318
29,Around Dread,nonsonodread,49,"3,3,3,2,2,4,2,2,2,3,2,2,3,3,3,3,4,3",18,"GOLFATINA DEMONIACA con Dread, Masseo, Gabbo, Delux",sEUHEXe3iwM,https://www.youtube.com/watch?v=sEUHEXe3iwM,20260318
29,Around Dread,JTaz,58,"3,2,2,2,3,3,2,2,6,6,4,4,2,2,2,2,7,4",18,"GOLFATINA DEMONIACA con Dread, Masseo, Gabbo, Delux",sEUHEXe3iwM,https://www.youtube.com/watch?v=sEUHEXe3iwM,20260318
30,Delux,PAR,49,"2,3,2,3,2,2,3,3,2,3,4,3,4,4,2,2,3,2",18,"UNA GOLFATINA PACIFICA TRA AMICI con Delux, Masseo, Gabbo & Dread",efppNZh_4UA,https://www.youtube.com/watch?v=efppNZh_4UA,20260317
30,Delux,Mollu,44,"1,4,1,2,1,1,2,3,2,2,2,3,4,7,2,2,4,1",18,"UNA GOLFATINA PACIFICA TRA AMICI con Delux, Masseo, Gabbo & Dread",efppNZh_4UA,https://www.youtube.com/watch?v=efppNZh_4UA,20260317
30,Delux,GaBBo,54,"2,3,4,2,1,3,2,3,3,3,2,3,6,4,3,4,4,2",18,"UNA GOLFATINA PACIFICA TRA AMICI con Delux, Masseo, Gabbo & Dread",efppNZh_4UA,https://www.youtube.com/watch?v=efppNZh_4UA,20260317
30,Delux,nonsonodread,55,"1,2,3,2,1,4,3,2,3,2,2,9,2,6,3,3,3,4",18,"UNA GOLFATINA PACIFICA TRA AMICI con Delux, Masseo, Gabbo & Dread",efppNZh_4UA,https://www.youtube.com/watch?v=efppNZh_4UA,20260317
30,Delux,Just Rohn,58,"1,1,3,10,3,2,3,3,4,2,3,2,5,5,2,3,3,3",18,"UNA GOLFATINA PACIFICA TRA AMICI con Delux, Masseo, Gabbo & Dread",efppNZh_4UA,https://www.youtube.com/watch?v=efppNZh_4UA,20260317
30,Delux,Delux,66,"1,3,4,9,2,1,2,6,5,1,2,8,6,2,4,4,3,3",18,"UNA GOLFATINA PACIFICA TRA AMICI con Delux, Masseo, Gabbo & Dread",efppNZh_4UA,https://www.youtube.com/watch?v=efppNZh_4UA,20260317
31,Just Rohn JR,PAR,75,"2,3,3,4,3,5,4,4,4,4,5,6,5,4,6,5,6,2",18,"GOLFATINA ""INVERNALE"" CON COLPI SENZA SENSO w/ROHN,DREAD, DELUX, GABBO e il MASSEO!",rOYOAVS4H54,https://www.youtube.com/watch?v=rOYOAVS4H54,20260212
31,Just Rohn JR,Delux,54,"2,2,1,1,3,2,5,6,1,5,4,3,5,2,3,2,6,1",18,"GOLFATINA ""INVERNALE"" CON COLPI SENZA SENSO w/ROHN,DREAD, DELUX, GABBO e il MASSEO!",rOYOAVS4H54,https://www.youtube.com/watch?v=rOYOAVS4H54,20260212
31,Just Rohn JR,nonsonodread,55,"1,1,2,28,5,4,3,8,5,4,4,4,3,4,1",15,"GOLFATINA ""INVERNALE"" CON COLPI SENZA SENSO w/ROHN,DREAD, DELUX, GABBO e il MASSEO!",rOYOAVS4H54,https://www.youtube.com/watch?v=rOYOAVS4H54,20260212
31,Just Rohn JR,JTaz,69,"2,2,3,3,2,4,7,3,1,6,5,7,5,4,6,3,5,1",18,"GOLFATINA ""INVERNALE"" CON COLPI SENZA SENSO w/ROHN,DREAD, DELUX, GABBO e il MASSEO!",rOYOAVS4H54,https://www.youtube.com/watch?v=rOYOAVS4H54,20260212
31,Just Rohn JR,GaBBo,100,"2,1,2,2,3,5,4,5,1,14,14,11,8,6,5,2,14,1",18,"GOLFATINA ""INVERNALE"" CON COLPI SENZA SENSO w/ROHN,DREAD, DELUX, GABBO e il MASSEO!",rOYOAVS4H54,https://www.youtube.com/watch?v=rOYOAVS4H54,20260212
32,Around Dread,PAR,53,"2,3,2,3,3,3,3,4,3,4,3,3,2,6,2,2,4,1",18,"GOLFATINA FUORI DI CAPOCCIA con Dread, Gabbo, Masseo, JTaz",G10APU6StfY,https://www.youtube.com/watch?v=G10APU6StfY,20260206
32,Around Dread,Mollu,61,"2,5,2,1,3,8,2,3,1,1,3,1,2,10,1,2,14,0",18,"GOLFATINA FUORI DI CAPOCCIA con Dread, Gabbo, Masseo, JTaz",G10APU6StfY,https://www.youtube.com/watch?v=G10APU6StfY,20260206
32,Around Dread,Just Rohn,68,"1,3,1,1,9,6,6,3,5,2,1,14,3,3,2,2,6",17,"GOLFATINA FUORI DI CAPOCCIA con Dread, Gabbo, Masseo, JTaz",G10APU6StfY,https://www.youtube.com/watch?v=G10APU6StfY,20260206
32,Around Dread,nonsonodread,71,"2,3,2,2,7,6,5,6,2,6,2,4,3,3,4,3,11,0",18,"GOLFATINA FUORI DI CAPOCCIA con Dread, Gabbo, Masseo, JTaz",G10APU6StfY,https://www.youtube.com/watch?v=G10APU6StfY,20260206
32,Around Dread,ilMasseo,72,"2,3,2,1,8,3,6,14,1,3,1,2,5,14,2,2,3,0",18,"GOLFATINA FUORI DI CAPOCCIA con Dread, Gabbo, Masseo, JTaz",G10APU6StfY,https://www.youtube.com/watch?v=G10APU6StfY,20260206
32,Around Dread,JTaz,88,"2,3,2,1,8,14,4,14,4,5,1,3,4,10,3,5,5,0",18,"GOLFATINA FUORI DI CAPOCCIA con Dread, Gabbo, Masseo, JTaz",G10APU6StfY,https://www.youtube.com/watch?v=G10APU6StfY,20260206
33,GaBBoDSQ,PAR,58,"3,2,2,2,2,3,3,3,3,4,4,3,3,4,4,4,4,5",18,SDROGO GOLFATINA SUPER COMBATTUTA con ilMasseo Dread Delu ( c'è anche Jtaz ),97Z5oHEr8-4,https://www.youtube.com/watch?v=97Z5oHEr8-4,20260205
33,GaBBoDSQ,nonsonodread,81,"4,2,3,9,1,2,4,2,2,6,5,4,3,6,3,17,5,3",18,SDROGO GOLFATINA SUPER COMBATTUTA con ilMasseo Dread Delu ( c'è anche Jtaz ),97Z5oHEr8-4,https://www.youtube.com/watch?v=97Z5oHEr8-4,20260205
33,GaBBoDSQ,GaBBo,85,"6,1,3,5,4,3,4,3,3,5,5,3,3,3,7,4,6,17",18,SDROGO GOLFATINA SUPER COMBATTUTA con ilMasseo Dread Delu ( c'è anche Jtaz ),97Z5oHEr8-4,https://www.youtube.com/watch?v=97Z5oHEr8-4,20260205
33,GaBBoDSQ,Delux,96,"8,1,3,10,1,3,6,6,2,7,10,2,3,4,4,4,5,17",18,SDROGO GOLFATINA SUPER COMBATTUTA con ilMasseo Dread Delu ( c'è anche Jtaz ),97Z5oHEr8-4,https://www.youtube.com/watch?v=97Z5oHEr8-4,20260205
33,GaBBoDSQ,JTaz,113,"7,3,6,8,4,4,4,5,4,4,3,9,5,17,2,5,6,17",18,SDROGO GOLFATINA SUPER COMBATTUTA con ilMasseo Dread Delu ( c'è anche Jtaz ),97Z5oHEr8-4,https://www.youtube.com/watch?v=97Z5oHEr8-4,20260205
34,Delux,PAR,75,"2,3,2,3,4,4,4,4,4,4,4,5,5,5,7,3",16,UNA GOLFATINA OLIMPICA SPA ZIA LE!,u9_inJEE6JA,https://www.youtube.com/watch?v=u9_inJEE6JA,20260127
34,Delux,ilMasseo,71,"3,2,2,3,2,2,3,6,4,1,6,7,3,5,8,5,3,6",18,UNA GOLFATINA OLIMPICA SPA ZIA LE!,u9_inJEE6JA,https://www.youtube.com/watch?v=u9_inJEE6JA,20260127
34,Delux,Just Rohn,74,"2,2,1,1,4,3,4,4,7,8,8,5,2,7,7,4,6,6",18,UNA GOLFATINA OLIMPICA SPA ZIA LE!,u9_inJEE6JA,https://www.youtube.com/watch?v=u9_inJEE6JA,20260127
34,Delux,Delux,76,"3,2,1,1,12,3,5,5,8,4,5,4,5,7,9,6,5",17,UNA GOLFATINA OLIMPICA SPA ZIA LE!,u9_inJEE6JA,https://www.youtube.com/watch?v=u9_inJEE6JA,20260127
34,Delux,nonsonodread,80,"2,4,1,1,4,3,4,6,6,1,6,6,3,8,7,3,8,7",18,UNA GOLFATINA OLIMPICA SPA ZIA LE!,u9_inJEE6JA,https://www.youtube.com/watch?v=u9_inJEE6JA,20260127
34,Delux,GaBBo,93,"3,3,2,1,7,5,4,7,8,3,4,5,4,6,8,3,14,6",18,UNA GOLFATINA OLIMPICA SPA ZIA LE!,u9_inJEE6JA,https://www.youtube.com/watch?v=u9_inJEE6JA,20260127
35,Just Rohn JR,PAR,50,"2,2,2,2,2,2,2,2,3,3,3,3,3,3,3,4,4,5",18,"GOLFATINA ""HORROR"" CON QUALCHE IMPRECAZIONE DI TROPPO w/ROHN,DREAD, DELUX, JTAZ e il MASSEO!",CULR32YN7mM,https://www.youtube.com/watch?v=CULR32YN7mM,20260126
35,Just Rohn JR,Mollu,39,"2,1,2,2,1,3,1,1,2,3,3,1,1,2,2,1,3,8",18,"GOLFATINA ""HORROR"" CON QUALCHE IMPRECAZIONE DI TROPPO w/ROHN,DREAD, DELUX, JTAZ e il MASSEO!",CULR32YN7mM,https://www.youtube.com/watch?v=CULR32YN7mM,20260126
35,Just Rohn JR,Delux,43,"3,1,2,2,2,2,2,2,2,4,2,2,4,2,3,3,1,4",18,"GOLFATINA ""HORROR"" CON QUALCHE IMPRECAZIONE DI TROPPO w/ROHN,DREAD, DELUX, JTAZ e il MASSEO!",CULR32YN7mM,https://www.youtube.com/watch?v=CULR32YN7mM,20260126
35,Just Rohn JR,Just Rohn,44,"1,1,2,2,3,2,2,2,1,3,4,1,3,5,2,1,4,5",18,"GOLFATINA ""HORROR"" CON QUALCHE IMPRECAZIONE DI TROPPO w/ROHN,DREAD, DELUX, JTAZ e il MASSEO!",CULR32YN7mM,https://www.youtube.com/watch?v=CULR32YN7mM,20260126
35,Just Rohn JR,GaBBo,51,"3,2,2,1,1,2,2,3,3,2,3,2,3,3,3,3,3,10",18,"GOLFATINA ""HORROR"" CON QUALCHE IMPRECAZIONE DI TROPPO w/ROHN,DREAD, DELUX, JTAZ e il MASSEO!",CULR32YN7mM,https://www.youtube.com/watch?v=CULR32YN7mM,20260126
35,Just Rohn JR,nonsonodread,54,"3,2,1,3,1,2,2,4,3,4,4,2,1,3,4,2,5,8",18,"GOLFATINA ""HORROR"" CON QUALCHE IMPRECAZIONE DI TROPPO w/ROHN,DREAD, DELUX, JTAZ e il MASSEO!",CULR32YN7mM,https://www.youtube.com/watch?v=CULR32YN7mM,20260126
36,Around Dread,PAR,49,"4,5,3,3,1,4,4,1,3,2,1,5,4,4,2,1,1,1",18,"GOLFATINA MATTA INSENSATA (regà fermateci) con Dread, Rohn, Gabbo, Mollu",6rJWPcxFRiM,https://www.youtube.com/watch?v=6rJWPcxFRiM,20260122
36,Around Dread,Just Rohn,74,"10,1,4,3,14,1,1,1,2,2,6,8,4,3,4,2,1,7",18,"GOLFATINA MATTA INSENSATA (regà fermateci) con Dread, Rohn, Gabbo, Mollu",6rJWPcxFRiM,https://www.youtube.com/watch?v=6rJWPcxFRiM,20260122
36,Around Dread,nonsonodread,82,"3,5,11,5,11,1,2,1,4,2,4,11,6,3,3,2,1,7",18,"GOLFATINA MATTA INSENSATA (regà fermateci) con Dread, Rohn, Gabbo, Mollu",6rJWPcxFRiM,https://www.youtube.com/watch?v=6rJWPcxFRiM,20260122
36,Around Dread,Delux,101,"8,6,14,4,14,1,2,1,3,9,1,9,6,6,14,1,1,1",18,"GOLFATINA MATTA INSENSATA (regà fermateci) con Dread, Rohn, Gabbo, Mollu",6rJWPcxFRiM,https://www.youtube.com/watch?v=6rJWPcxFRiM,20260122
36,Around Dread,ilMasseo,102,"12,2,8,8,14,5,1,3,5,4,8,14,4,2,5,2,3,2",18,"GOLFATINA MATTA INSENSATA (regà fermateci) con Dread, Rohn, Gabbo, Mollu",6rJWPcxFRiM,https://www.youtube.com/watch?v=6rJWPcxFRiM,20260122
36,Around Dread,GaBBo,116,"14,3,11,5,14,1,1,1,14,6,4,7,5,10,14,3,2,1",18,"GOLFATINA MATTA INSENSATA (regà fermateci) con Dread, Rohn, Gabbo, Mollu",6rJWPcxFRiM,https://www.youtube.com/watch?v=6rJWPcxFRiM,20260122
37,Delux,PAR,74,"4,3,5,4,3,4,4,5,4,4,5,3,5,4,5,3,4,5",18,LA PRIMA GOLFATINA DELL'ANNO!,4j9iPqrWtw0,https://www.youtube.com/watch?v=4j9iPqrWtw0,20260112
37,Delux,nonsonodread,53,"4,2,1,3,1,6,3,4,3,3,3,2,1,6,3,2,1,5",18,LA PRIMA GOLFATINA DELL'ANNO!,4j9iPqrWtw0,https://www.youtube.com/watch?v=4j9iPqrWtw0,20260112
37,Delux,Delux,58,"1,2,6,3,2,3,4,3,4,5,6,3,1,4,2,4,1,4",18,LA PRIMA GOLFATINA DELL'ANNO!,4j9iPqrWtw0,https://www.youtube.com/watch?v=4j9iPqrWtw0,20260112
37,Delux,Mollu,62,"3,2,2,4,4,2,3,3,4,2,6,2,1,8,6,3,1,6",18,LA PRIMA GOLFATINA DELL'ANNO!,4j9iPqrWtw0,https://www.youtube.com/watch?v=4j9iPqrWtw0,20260112
37,Delux,Just Rohn,66,"3,2,5,4,5,3,5,3,3,1,3,2,1,3,3,3,13,4",18,LA PRIMA GOLFATINA DELL'ANNO!,4j9iPqrWtw0,https://www.youtube.com/watch?v=4j9iPqrWtw0,20260112
37,Delux,GaBBo,67,"3,3,1,6,5,2,5,4,3,2,4,3,1,2,5,4,1,3",18,LA PRIMA GOLFATINA DELL'ANNO!,4j9iPqrWtw0,https://www.youtube.com/watch?v=4j9iPqrWtw0,20260112
38,GaBBoDSQ,PAR,56,"4,3,3,4,5,5,3,4,4,3,2,4,3,3,3",15,LA SDROGO GOLFATINA DI INIZIO ANNO PER INIZIARE QUESTO 2026 AL MEGLIO,fWl8BCgXTxQ,https://www.youtube.com/watch?v=fWl8BCgXTxQ,20260110
38,GaBBoDSQ,Just Rohn,44,"2,3,3,8,3,4,1,3,1,4,2,4,2,1,2,1",16,LA SDROGO GOLFATINA DI INIZIO ANNO PER INIZIARE QUESTO 2026 AL MEGLIO,fWl8BCgXTxQ,https://www.youtube.com/watch?v=fWl8BCgXTxQ,20260110
38,GaBBoDSQ,GaBBo,45,"4,2,1,5,5,3,1,2,3,5,2,6,1,3,1,1",16,LA SDROGO GOLFATINA DI INIZIO ANNO PER INIZIARE QUESTO 2026 AL MEGLIO,fWl8BCgXTxQ,https://www.youtube.com/watch?v=fWl8BCgXTxQ,20260110
38,GaBBoDSQ,Delux,50,"4,8,1,4,4,3,1,3,2,3,2,9,3,1,1,1",16,LA SDROGO GOLFATINA DI INIZIO ANNO PER INIZIARE QUESTO 2026 AL MEGLIO,fWl8BCgXTxQ,https://www.youtube.com/watch?v=fWl8BCgXTxQ,20260110
38,GaBBoDSQ,nonsonodread,54,"2,2,1,2,4,4,2,5,16,3,3,4,2,1,2,1",16,LA SDROGO GOLFATINA DI INIZIO ANNO PER INIZIARE QUESTO 2026 AL MEGLIO,fWl8BCgXTxQ,https://www.youtube.com/watch?v=fWl8BCgXTxQ,20260110
38,GaBBoDSQ,Mollu,56,"2,2,1,4,6,3,7,3,4,5,3,9,2,3,1,1",16,LA SDROGO GOLFATINA DI INIZIO ANNO PER INIZIARE QUESTO 2026 AL MEGLIO,fWl8BCgXTxQ,https://www.youtube.com/watch?v=fWl8BCgXTxQ,20260110
39,Just Rohn JR,PAR,51,"3,2,3,2,4,3,2,5,2,3,2,3,2,3,3,3,3,3",18,"GOLFATINA MAGICA con ROHN,DREAD, DELUX e il MASSEO!",qX7wKf7uupY,https://www.youtube.com/watch?v=qX7wKf7uupY,20260109
39,Just Rohn JR,Just Rohn,38,"3,2,2,2,3,2,2,1,1,2,2,1,2,3,1,4,2,3",18,"GOLFATINA MAGICA con ROHN,DREAD, DELUX e il MASSEO!",qX7wKf7uupY,https://www.youtube.com/watch?v=qX7wKf7uupY,20260109
39,Just Rohn JR,GaBBo,46,"4,2,2,2,6,2,1,5,2,2,3,2,1,5,1,2,2,2",18,"GOLFATINA MAGICA con ROHN,DREAD, DELUX e il MASSEO!",qX7wKf7uupY,https://www.youtube.com/watch?v=qX7wKf7uupY,20260109
39,Just Rohn JR,nonsonodread,53,"3,4,3,2,4,2,2,14,1,5,2,2,1,2,1,2,2,1",18,"GOLFATINA MAGICA con ROHN,DREAD, DELUX e il MASSEO!",qX7wKf7uupY,https://www.youtube.com/watch?v=qX7wKf7uupY,20260109
40,Around Dread,PAR,59,"3,2,2,3,3,4,3,3,4,4,4,2,3,3,3,4,5,4",18,"SONO TORNATI I DOMINATORI DEL GOLF | Golfatina con Dread, Rohn, Gabbo, Delux",KadhcxiF6Io,https://www.youtube.com/watch?v=KadhcxiF6Io,20260108
40,Around Dread,Delux,64,"2,3,3,6,1,2,2,1,6,1,11,2,5,2,2,3,8,4",18,"SONO TORNATI I DOMINATORI DEL GOLF | Golfatina con Dread, Rohn, Gabbo, Delux",KadhcxiF6Io,https://www.youtube.com/watch?v=KadhcxiF6Io,20260108
40,Around Dread,Just Rohn,70,"5,4,1,1,1,2,4,2,3,1,4,6,2,5,16,4,8,1",18,"SONO TORNATI I DOMINATORI DEL GOLF | Golfatina con Dread, Rohn, Gabbo, Delux",KadhcxiF6Io,https://www.youtube.com/watch?v=KadhcxiF6Io,20260108
40,Around Dread,ilMasseo,72,"5,3,2,3,1,10,4,2,4,16,3,3,2,2,2,4,2,4",18,"SONO TORNATI I DOMINATORI DEL GOLF | Golfatina con Dread, Rohn, Gabbo, Delux",KadhcxiF6Io,https://www.youtube.com/watch?v=KadhcxiF6Io,20260108
40,Around Dread,GaBBo,95,"4,2,4,4,1,3,3,1,5,16,6,9,4,3,7,7,9,7",18,"SONO TORNATI I DOMINATORI DEL GOLF | Golfatina con Dread, Rohn, Gabbo, Delux",KadhcxiF6Io,https://www.youtube.com/watch?v=KadhcxiF6Io,20260108
41,Around Dread,PAR,59,"3,2,2,3,3,4,3,3,4,4,4,2,3,3,3,4,54",17,"GOLFATINA MATTA con I MAESTRI di MAZZE e PALLE | w/Dread, Rohn, Marza, Gabbo, Delux",nORFy_eGVDA,https://www.youtube.com/watch?v=nORFy_eGVDA,20251227
41,Around Dread,Delux,64,"2,3,3,6,1,2,2,1,6,1,11,2,5,2,2,3,8,4",18,"GOLFATINA MATTA con I MAESTRI di MAZZE e PALLE | w/Dread, Rohn, Marza, Gabbo, Delux",nORFy_eGVDA,https://www.youtube.com/watch?v=nORFy_eGVDA,20251227
41,Around Dread,Just Rohn,70,"5,4,1,1,1,2,4,2,3,1,46,2,5,16,4,8,1",17,"GOLFATINA MATTA con I MAESTRI di MAZZE e PALLE | w/Dread, Rohn, Marza, Gabbo, Delux",nORFy_eGVDA,https://www.youtube.com/watch?v=nORFy_eGVDA,20251227
41,Around Dread,ilMasseo,72,"5,3,2,3,1,10,4,2,4,16,3,3,2,2,2,4,2,4",18,"GOLFATINA MATTA con I MAESTRI di MAZZE e PALLE | w/Dread, Rohn, Marza, Gabbo, Delux",nORFy_eGVDA,https://www.youtube.com/watch?v=nORFy_eGVDA,20251227
41,Around Dread,GaBBo,95,"4,2,4,4,1,3,3,1,5,16,6,9,4,3,7,7,9,7",18,"GOLFATINA MATTA con I MAESTRI di MAZZE e PALLE | w/Dread, Rohn, Marza, Gabbo, Delux",nORFy_eGVDA,https://www.youtube.com/watch?v=nORFy_eGVDA,20251227
42,Delux,PAR,69,"2,2,2,3,4,2,5,4,5,4,5,4,4,4,3,5,5,6",18,UNA GOLFATINA PERICOLOSAMENTE NOSTALGICA...,80BMUVxCM9o,https://www.youtube.com/watch?v=80BMUVxCM9o,20251218
42,Delux,Just Rohn,68,"1,2,1,2,4,1,6,3,7,5,5,4,2,7,2,5,6,5",18,UNA GOLFATINA PERICOLOSAMENTE NOSTALGICA...,80BMUVxCM9o,https://www.youtube.com/watch?v=80BMUVxCM9o,20251218
42,Delux,Mollu,70,"2,1,1,2,5,1,6,5,6,4,5,6,2,6,2,4,5,7",18,UNA GOLFATINA PERICOLOSAMENTE NOSTALGICA...,80BMUVxCM9o,https://www.youtube.com/watch?v=80BMUVxCM9o,20251218
42,Delux,nonsonodread,72,"2,3,1,4,4,1,5,4,5,3,6,6,2,3,3,5,9,6",18,UNA GOLFATINA PERICOLOSAMENTE NOSTALGICA...,80BMUVxCM9o,https://www.youtube.com/watch?v=80BMUVxCM9o,20251218
42,Delux,Delux,83,"1,2,2,7,4,2,5,3,5,6,7,5,2,5,2,6,6,13",18,UNA GOLFATINA PERICOLOSAMENTE NOSTALGICA...,80BMUVxCM9o,https://www.youtube.com/watch?v=80BMUVxCM9o,20251218
42,Delux,GaBBo,86,"2,1,3,4,3,1,5,6,6,3,6,5,11,5,2,7,6,10",18,UNA GOLFATINA PERICOLOSAMENTE NOSTALGICA...,80BMUVxCM9o,https://www.youtube.com/watch?v=80BMUVxCM9o,20251218
43,GaBBoDSQ,PAR,63,"3,4,3,5,4,5,4,3,4,3,5,6,3,2,2,3,2,2",18,La SDROGO GOLFATINA di cui NON avevate bisogno,5S6Dq7LAFNA,https://www.youtube.com/watch?v=5S6Dq7LAFNA,20251217
43,GaBBoDSQ,nonsonodread,59,"2,2,2,6,4,5,5,2,5,4,3,5,2,1,3,3,3,2",18,La SDROGO GOLFATINA di cui NON avevate bisogno,5S6Dq7LAFNA,https://www.youtube.com/watch?v=5S6Dq7LAFNA,20251217
43,GaBBoDSQ,Just Rohn,59,"2,3,2,6,3,5,5,3,5,4,3,5,2,2,2,3,2,2",18,La SDROGO GOLFATINA di cui NON avevate bisogno,5S6Dq7LAFNA,https://www.youtube.com/watch?v=5S6Dq7LAFNA,20251217
43,GaBBoDSQ,ilMasseo,59,"2,4,3,5,3,5,4,2,4,6,3,7,2,1,2,2,2,2",18,La SDROGO GOLFATINA di cui NON avevate bisogno,5S6Dq7LAFNA,https://www.youtube.com/watch?v=5S6Dq7LAFNA,20251217
43,GaBBoDSQ,GaBBo,64,"3,5,2,8,3,5,4,1,3,5,4,7,3,1,2,3,3,2",18,La SDROGO GOLFATINA di cui NON avevate bisogno,5S6Dq7LAFNA,https://www.youtube.com/watch?v=5S6Dq7LAFNA,20251217
43,GaBBoDSQ,Delux,68,"2,3,2,6,4,4,6,2,5,5,3,9,5,1,2,3,4,2",18,La SDROGO GOLFATINA di cui NON avevate bisogno,5S6Dq7LAFNA,https://www.youtube.com/watch?v=5S6Dq7LAFNA,20251217
44,Just Rohn JR,PAR,74,"2,3,4,4,4,4,5,4,4,4,4,5,4,5,4,4,5,5",18,"MINI-GOLF NATALIZIO con ROHN,DREAD,GABBO e DELUX!",St2VvfXHwpE,https://www.youtube.com/watch?v=St2VvfXHwpE,20251215
44,Just Rohn JR,GaBBo,59,"2,2,3,2,4,3,3,4,1,2,2,6,3,5,3,3,3,8",18,"MINI-GOLF NATALIZIO con ROHN,DREAD,GABBO e DELUX!",St2VvfXHwpE,https://www.youtube.com/watch?v=St2VvfXHwpE,20251215
44,Just Rohn JR,nonsonodread,61,"2,2,2,5,8,4,3,3,1,2,3,6,3,2,4,2,4,5",18,"MINI-GOLF NATALIZIO con ROHN,DREAD,GABBO e DELUX!",St2VvfXHwpE,https://www.youtube.com/watch?v=St2VvfXHwpE,20251215
44,Just Rohn JR,Just Rohn,63,"2,1,4,5,3,3,4,2,1,3,4,1,6,3,4,4,4,8",18,"MINI-GOLF NATALIZIO con ROHN,DREAD,GABBO e DELUX!",St2VvfXHwpE,https://www.youtube.com/watch?v=St2VvfXHwpE,20251215
44,Just Rohn JR,Delux,63,"2,4,2,3,4,6,2,4,1,3,2,5,2,2,6,4,7,4",18,"MINI-GOLF NATALIZIO con ROHN,DREAD,GABBO e DELUX!",St2VvfXHwpE,https://www.youtube.com/watch?v=St2VvfXHwpE,20251215
44,Just Rohn JR,ilMasseo,64,"3,2,3,3,2,4,4,3,1,2,3,5,4,6,2,5,4,8",18,"MINI-GOLF NATALIZIO con ROHN,DREAD,GABBO e DELUX!",St2VvfXHwpE,https://www.youtube.com/watch?v=St2VvfXHwpE,20251215
