elenco_id,video_owner,giocatore,punti_totali,punteggi_singole_gare,num_gare,titolo,video_id,link,upload_date,da_verificare
1,Just Rohn JR,PAR,58,"2,3,3,4,3,3,3,5,4,4,5,5,5,4,5",15,"MINI-GOLF NATALIZIO con ROHN,DREAD,GABBO e DELUX!",St2VvfXHwpE,https://www.youtube.com/watch?v=St2VvfXHwpE,20251215,
1,Just Rohn JR,nonsonodread,45,"2,3,2,3,2,3,3,2,3,5,5,2,2,5,3",15,"MINI-GOLF NATALIZIO con ROHN,DREAD,GABBO e DELUX!",St2VvfXHwpE,https://www.youtube.com/watch?v=St2VvfXHwpE,20251215,
1,Just Rohn JR,Delux,48,"2,2,10,3,3,1,3,4,2,4,3,3,3,1,4",15,"MINI-GOLF NATALIZIO con ROHN,DREAD,GABBO e DELUX!",St2VvfXHwpE,https://www.youtube.com/watch?v=St2VvfXHwpE,20251215,
1,Just Rohn JR,Just Rohn,49,"2,3,2,3,2,4,3,9,3,4,3,2,5,1,3",15,"MINI-GOLF NATALIZIO con ROHN,DREAD,GABBO e DELUX!",St2VvfXHwpE,https://www.youtube.com/watch?v=St2VvfXHwpE,20251215,
1,Just Rohn JR,GaBBo,50,"5,3,3,2,2,5,3,2,5,3,8,1,2,2,4",15,"MINI-GOLF NATALIZIO con ROHN,DREAD,GABBO e DELUX!",St2VvfXHwpE,https://www.youtube.com/watch?v=St2VvfXHwpE,20251215,
2,GaBBoDSQ,PAR,30,"2,3,4,3,3,3,3,3,3,3",10,La SDROGO GOLFATINA di cui NON avevate bisogno,5S6Dq7LAFNA,https://www.youtube.com/watch?v=5S6Dq7LAFNA,20251217,
2,GaBBoDSQ,JTaz,37,"4,6,3,3,3,2,2,2,7,5",10,La SDROGO GOLFATINA di cui NON avevate bisogno,5S6Dq7LAFNA,https://www.youtube.com/watch?v=5S6Dq7LAFNA,20251217,
2,GaBBoDSQ,Delux,37,"2,4,5,5,2,3,4,4,6,2",10,La SDROGO GOLFATINA di cui NON avevate bisogno,5S6Dq7LAFNA,https://www.youtube.com/watch?v=5S6Dq7LAFNA,20251217,
2,GaBBoDSQ,GaBBo,41,"3,3,3,6,6,2,7,6,2,3",10,La SDROGO GOLFATINA di cui NON avevate bisogno,5S6Dq7LAFNA,https://www.youtube.com/watch?v=5S6Dq7LAFNA,20251217,
2,GaBBoDSQ,nonsonodread,43,"2,6,7,5,4,1,3,4,5,6",10,La SDROGO GOLFATINA di cui NON avevate bisogno,5S6Dq7LAFNA,https://www.youtube.com/watch?v=5S6Dq7LAFNA,20251217,
2,GaBBoDSQ,ilMasseo,44,"2,4,8,4,5,2,3,9,3,4",10,La SDROGO GOLFATINA di cui NON avevate bisogno,5S6Dq7LAFNA,https://www.youtube.com/watch?v=5S6Dq7LAFNA,20251217,
3,Delux,PAR,62,"3,3,3,4,3,4,3,3,4,3,4,4,3,4,3,4,3,4",18,UNA GOLFATINA PERICOLOSAMENTE NOSTALGICA...,80BMUVxCM9o,https://www.youtube.com/watch?v=80BMUVxCM9o,20251218,
3,Delux,Just Rohn,68,"2,4,5,3,4,6,4,2,5,4,3,4,5,3,5,4,1,4",18,UNA GOLFATINA PERICOLOSAMENTE NOSTALGICA...,80BMUVxCM9o,https://www.youtube.com/watch?v=80BMUVxCM9o,20251218,
3,Delux,Delux,83,"4,3,1,5,2,3,2,1,7,4,4,5,11,3,4,3,7,14",18,UNA GOLFATINA PERICOLOSAMENTE NOSTALGICA...,80BMUVxCM9o,https://www.youtube.com/watch?v=80BMUVxCM9o,20251218,
3,Delux,nonsonodread,84,"2,4,3,10,5,5,2,2,6,4,6,7,7,3,4,3,5,6",18,UNA GOLFATINA PERICOLOSAMENTE NOSTALGICA...,80BMUVxCM9o,https://www.youtube.com/watch?v=80BMUVxCM9o,20251218,
3,Delux,GaBBo,86,"6,4,4,6,2,8,3,2,4,4,6,6,10,3,3,4,3,8",18,UNA GOLFATINA PERICOLOSAMENTE NOSTALGICA...,80BMUVxCM9o,https://www.youtube.com/watch?v=80BMUVxCM9o,20251218,
4,Around Dread,PAR,54,"2,3,5,2,3,4,3,2,4,3,2,3,4,3,2,4,2,3",18,"GOLFATINA MATTA con I MAESTRI di MAZZE e PALLE | w/Dread, Rohn, Marza, Gabbo, Delux",nORFy_eGVDA,https://www.youtube.com/watch?v=nORFy_eGVDA,20251227,
4,Around Dread,Just Rohn,43,"2,3,2,2,1,3,2,2,5,3,2,4,3,2,2,2,1,2",18,"GOLFATINA MATTA con I MAESTRI di MAZZE e PALLE | w/Dread, Rohn, Marza, Gabbo, Delux",nORFy_eGVDA,https://www.youtube.com/watch?v=nORFy_eGVDA,20251227,
4,Around Dread,Just Marzaa,45,"1,2,2,2,1,2,4,3,8,3,1,2,3,1,2,2,2,4",18,"GOLFATINA MATTA con I MAESTRI di MAZZE e PALLE | w/Dread, Rohn, Marza, Gabbo, Delux",nORFy_eGVDA,https://www.youtube.com/watch?v=nORFy_eGVDA,20251227,
4,Around Dread,Delux,45,"3,4,1,2,1,1,3,2,6,2,1,4,4,3,2,2,2,2",18,"GOLFATINA MATTA con I MAESTRI di MAZZE e PALLE | w/Dread, Rohn, Marza, Gabbo, Delux",nORFy_eGVDA,https://www.youtube.com/watch?v=nORFy_eGVDA,20251227,
4,Around Dread,nonsonodread,50,"2,2,2,2,2,3,4,3,4,2,2,5,3,2,1,2,4,5",18,"GOLFATINA MATTA con I MAESTRI di MAZZE e PALLE | w/Dread, Rohn, Marza, Gabbo, Delux",nORFy_eGVDA,https://www.youtube.com/watch?v=nORFy_eGVDA,20251227,
4,Around Dread,GaBBo,60,"3,3,2,2,2,3,4,2,6,3,1,5,4,5,1,3,3,8",18,"GOLFATINA MATTA con I MAESTRI di MAZZE e PALLE | w/Dread, Rohn, Marza, Gabbo, Delux",nORFy_eGVDA,https://www.youtube.com/watch?v=nORFy_eGVDA,20251227,
5,Around Dread,PAR,75,"2,3,3,4,3,4,4,4,3,4,5,4,4,5,6,6,5,6",18,"SONO TORNATI I DOMINATORI DEL GOLF | Golfatina con Dread, Rohn, Gabbo, Delux",KadhcxiF6Io,https://www.youtube.com/watch?v=KadhcxiF6Io,20260108,
5,Around Dread,Delux,58,"2,1,2,4,2,4,4,2,3,2,5,3,3,5,6,2,4,4",18,"SONO TORNATI I DOMINATORI DEL GOLF | Golfatina con Dread, Rohn, Gabbo, Delux",KadhcxiF6Io,https://www.youtube.com/watch?v=KadhcxiF6Io,20260108,
5,Around Dread,Just Rohn,64,"2,1,2,3,2,2,3,4,2,3,5,4,3,4,10,2,6,6",18,"SONO TORNATI I DOMINATORI DEL GOLF | Golfatina con Dread, Rohn, Gabbo, Delux",KadhcxiF6Io,https://www.youtube.com/watch?v=KadhcxiF6Io,20260108,
5,Around Dread,GaBBo,67,"2,2,1,3,1,6,3,5,2,2,4,4,2,7,8,3,5,7",18,"SONO TORNATI I DOMINATORI DEL GOLF | Golfatina con Dread, Rohn, Gabbo, Delux",KadhcxiF6Io,https://www.youtube.com/watch?v=KadhcxiF6Io,20260108,
5,Around Dread,nonsonodread,70,"3,2,2,4,2,5,2,7,2,4,4,4,4,5,7,3,4,6",18,"SONO TORNATI I DOMINATORI DEL GOLF | Golfatina con Dread, Rohn, Gabbo, Delux",KadhcxiF6Io,https://www.youtube.com/watch?v=KadhcxiF6Io,20260108,
6,Just Rohn JR,PAR,55,"4,3,3,3,4,3,4,4,6,3,3,3,2,3,7",15,"GOLFATINA MAGICA con ROHN,DREAD, DELUX e il MASSEO!",qX7wKf7uupY,https://www.youtube.com/watch?v=qX7wKf7uupY,20260109,
6,Just Rohn JR,Just Rohn,58,"3,5,7,3,3,2,3,1,6,1,6,3,4,2,9",15,"GOLFATINA MAGICA con ROHN,DREAD, DELUX e il MASSEO!",qX7wKf7uupY,https://www.youtube.com/watch?v=qX7wKf7uupY,20260109,
6,Just Rohn JR,Delux,59,"4,3,3,5,5,1,2,2,6,4,4,2,5,3,10",15,"GOLFATINA MAGICA con ROHN,DREAD, DELUX e il MASSEO!",qX7wKf7uupY,https://www.youtube.com/watch?v=qX7wKf7uupY,20260109,
6,Just Rohn JR,nonsonodread,59,"4,4,4,4,5,1,7,1,5,4,4,1,4,4,7",15,"GOLFATINA MAGICA con ROHN,DREAD, DELUX e il MASSEO!",qX7wKf7uupY,https://www.youtube.com/watch?v=qX7wKf7uupY,20260109,
6,Just Rohn JR,ilMasseo,70,"4,4,4,5,5,4,9,3,5,5,3,2,4,2,11",15,"GOLFATINA MAGICA con ROHN,DREAD, DELUX e il MASSEO!",qX7wKf7uupY,https://www.youtube.com/watch?v=qX7wKf7uupY,20260109,
7,GaBBoDSQ,PAR,66,"2,2,3,2,4,4,3,4,4,5,4,4,4,3,4,4,4,6",18,LA SDROGO GOLFATINA DI INIZIO ANNO PER INIZIARE QUESTO 2026 AL MEGLIO,fWl8BCgXTxQ,https://www.youtube.com/watch?v=fWl8BCgXTxQ,20260110,
7,GaBBoDSQ,Just Rohn,68,"1,2,4,3,2,4,3,3,6,4,1,3,3,5,4,5,4,11",18,LA SDROGO GOLFATINA DI INIZIO ANNO PER INIZIARE QUESTO 2026 AL MEGLIO,fWl8BCgXTxQ,https://www.youtube.com/watch?v=fWl8BCgXTxQ,20260110,
7,GaBBoDSQ,Delux,82,"1,6,4,2,2,7,4,7,6,4,2,5,3,4,3,2,6,14",18,LA SDROGO GOLFATINA DI INIZIO ANNO PER INIZIARE QUESTO 2026 AL MEGLIO,fWl8BCgXTxQ,https://www.youtube.com/watch?v=fWl8BCgXTxQ,20260110,
7,GaBBoDSQ,GaBBo,85,"3,4,2,2,5,4,6,4,8,4,2,4,4,5,4,4,8,12",18,LA SDROGO GOLFATINA DI INIZIO ANNO PER INIZIARE QUESTO 2026 AL MEGLIO,fWl8BCgXTxQ,https://www.youtube.com/watch?v=fWl8BCgXTxQ,20260110,
7,GaBBoDSQ,nonsonodread,86,"3,2,4,4,3,7,5,9,8,5,1,3,2,4,3,6,3,14",18,LA SDROGO GOLFATINA DI INIZIO ANNO PER INIZIARE QUESTO 2026 AL MEGLIO,fWl8BCgXTxQ,https://www.youtube.com/watch?v=fWl8BCgXTxQ,20260110,
8,Delux,PAR,47,"2,2,2,2,2,2,2,3,2,2,3,3,4,3,2,3,3,5",18,LA PRIMA GOLFATINA DELL'ANNO!,4j9iPqrWtw0,https://www.youtube.com/watch?v=4j9iPqrWtw0,20260112,
8,Delux,Delux,40,"2,3,3,4,1,1,2,2,1,2,1,2,4,3,1,1,2,5",18,LA PRIMA GOLFATINA DELL'ANNO!,4j9iPqrWtw0,https://www.youtube.com/watch?v=4j9iPqrWtw0,20260112,
8,Delux,Just Rohn,46,"2,1,2,2,1,1,2,2,1,3,1,3,14,1,3,2,2,3",18,LA PRIMA GOLFATINA DELL'ANNO!,4j9iPqrWtw0,https://www.youtube.com/watch?v=4j9iPqrWtw0,20260112,
8,Delux,ilMasseo,47,"2,4,2,2,6,3,5,2,1,3,1,3,1,2,3,2,3,2",18,LA PRIMA GOLFATINA DELL'ANNO!,4j9iPqrWtw0,https://www.youtube.com/watch?v=4j9iPqrWtw0,20260112,
8,Delux,nonsonodread,50,"4,2,3,2,1,1,3,2,1,2,4,3,8,2,2,1,6,3",18,LA PRIMA GOLFATINA DELL'ANNO!,4j9iPqrWtw0,https://www.youtube.com/watch?v=4j9iPqrWtw0,20260112,
9,Around Dread,PAR,72,"5,4,4,4,4,4,4,4,4,4,4,4,4,4,4,4,4,3",18,"GOLFATINA MATTA INSENSATA (regà fermateci) con Dread, Rohn, Gabbo, Mollu",6rJWPcxFRiM,https://www.youtube.com/watch?v=6rJWPcxFRiM,20260122,
9,Around Dread,Just Rohn,53,"2,2,4,6,3,3,3,2,4,2,3,3,3,3,3,3,2,2",18,"GOLFATINA MATTA INSENSATA (regà fermateci) con Dread, Rohn, Gabbo, Mollu",6rJWPcxFRiM,https://www.youtube.com/watch?v=6rJWPcxFRiM,20260122,
9,Around Dread,nonsonodread,54,"2,3,2,3,2,5,2,4,7,6,2,2,2,3,2,3,1,3",18,"GOLFATINA MATTA INSENSATA (regà fermateci) con Dread, Rohn, Gabbo, Mollu",6rJWPcxFRiM,https://www.youtube.com/watch?v=6rJWPcxFRiM,20260122,
9,Around Dread,Mollu,56,"2,5,5,4,2,4,2,2,5,3,2,2,2,3,2,4,2,5",18,"GOLFATINA MATTA INSENSATA (regà fermateci) con Dread, Rohn, Gabbo, Mollu",6rJWPcxFRiM,https://www.youtube.com/watch?v=6rJWPcxFRiM,20260122,
9,Around Dread,GaBBo,69,"2,5,3,6,3,5,3,2,5,4,2,3,4,4,2,3,10,3",18,"GOLFATINA MATTA INSENSATA (regà fermateci) con Dread, Rohn, Gabbo, Mollu",6rJWPcxFRiM,https://www.youtube.com/watch?v=6rJWPcxFRiM,20260122,
10,Just Rohn JR,PAR,83,"2,3,5,5,6,6,6,6,4,4,5,4,5,4,6,4,4,4",18,"GOLFATINA ""HORROR"" CON QUALCHE IMPRECAZIONE DI TROPPO w/ROHN,DREAD, DELUX, JTAZ e il MASSEO!",CULR32YN7mM,https://www.youtube.com/watch?v=CULR32YN7mM,20260126,
10,Just Rohn JR,Just Rohn,62,"1,4,2,5,3,5,2,4,2,3,3,3,3,3,7,2,6,4",18,"GOLFATINA ""HORROR"" CON QUALCHE IMPRECAZIONE DI TROPPO w/ROHN,DREAD, DELUX, JTAZ e il MASSEO!",CULR32YN7mM,https://www.youtube.com/watch?v=CULR32YN7mM,20260126,
10,Just Rohn JR,JTaz,63,"2,3,2,3,2,3,8,3,3,2,4,6,3,3,8,2,4,2",18,"GOLFATINA ""HORROR"" CON QUALCHE IMPRECAZIONE DI TROPPO w/ROHN,DREAD, DELUX, JTAZ e il MASSEO!",CULR32YN7mM,https://www.youtube.com/watch?v=CULR32YN7mM,20260126,
10,Just Rohn JR,Delux,65,"1,1,2,5,6,3,3,3,3,2,1,4,4,7,12,3,1,4",18,"GOLFATINA ""HORROR"" CON QUALCHE IMPRECAZIONE DI TROPPO w/ROHN,DREAD, DELUX, JTAZ e il MASSEO!",CULR32YN7mM,https://www.youtube.com/watch?v=CULR32YN7mM,20260126,
10,Just Rohn JR,nonsonodread,78,"2,3,4,4,4,4,8,3,2,1,5,3,4,14,6,4,5,2",18,"GOLFATINA ""HORROR"" CON QUALCHE IMPRECAZIONE DI TROPPO w/ROHN,DREAD, DELUX, JTAZ e il MASSEO!",CULR32YN7mM,https://www.youtube.com/watch?v=CULR32YN7mM,20260126,
10,Just Rohn JR,ilMasseo,78,"3,3,6,4,5,9,5,4,4,3,3,2,3,3,9,6,4,2",18,"GOLFATINA ""HORROR"" CON QUALCHE IMPRECAZIONE DI TROPPO w/ROHN,DREAD, DELUX, JTAZ e il MASSEO!",CULR32YN7mM,https://www.youtube.com/watch?v=CULR32YN7mM,20260126,
11,Delux,PAR,62,"2,2,3,3,3,3,4,3,3,3,3,3,4,4,4,5,5,5",18,UNA GOLFATINA OLIMPICA SPA ZIA LE!,u9_inJEE6JA,https://www.youtube.com/watch?v=u9_inJEE6JA,20260127,
11,Delux,Mollu,74,"2,3,2,1,3,4,6,4,2,3,14,4,4,5,2,5,7,3",18,UNA GOLFATINA OLIMPICA SPA ZIA LE!,u9_inJEE6JA,https://www.youtube.com/watch?v=u9_inJEE6JA,20260127,
11,Delux,Just Rohn,77,"2,2,2,2,6,5,2,4,3,5,3,2,5,6,5,5,14,4",18,UNA GOLFATINA OLIMPICA SPA ZIA LE!,u9_inJEE6JA,https://www.youtube.com/watch?v=u9_inJEE6JA,20260127,
11,Delux,Delux,78,"2,2,2,1,4,10,4,5,3,10,4,1,4,5,2,4,14,1",18,UNA GOLFATINA OLIMPICA SPA ZIA LE!,u9_inJEE6JA,https://www.youtube.com/watch?v=u9_inJEE6JA,20260127,
11,Delux,nonsonodread,92,"3,4,3,2,5,2,5,3,5,14,4,2,3,8,4,4,14,7",18,UNA GOLFATINA OLIMPICA SPA ZIA LE!,u9_inJEE6JA,https://www.youtube.com/watch?v=u9_inJEE6JA,20260127,
11,Delux,GaBBo,107,"2,2,4,3,12,8,4,4,2,6,4,4,11,7,5,6,14,9",18,UNA GOLFATINA OLIMPICA SPA ZIA LE!,u9_inJEE6JA,https://www.youtube.com/watch?v=u9_inJEE6JA,20260127,
12,GaBBoDSQ,PAR,61,"2,2,2,2,2,3,4,3,3,3,4,4,5,5,3,3,5,6",18,SDROGO GOLFATINA SUPER COMBATTUTA con ilMasseo Dread Delu ( c'è anche Jtaz ),97Z5oHEr8-4,https://www.youtube.com/watch?v=97Z5oHEr8-4,20260205,
12,GaBBoDSQ,GaBBo,87,"2,2,2,3,2,3,5,2,3,3,12,11,9,4,7,3,7,7",18,SDROGO GOLFATINA SUPER COMBATTUTA con ilMasseo Dread Delu ( c'è anche Jtaz ),97Z5oHEr8-4,https://www.youtube.com/watch?v=97Z5oHEr8-4,20260205,
12,GaBBoDSQ,ilMasseo,87,"2,2,3,2,3,3,4,4,3,5,14,7,8,6,4,7,4,6",18,SDROGO GOLFATINA SUPER COMBATTUTA con ilMasseo Dread Delu ( c'è anche Jtaz ),97Z5oHEr8-4,https://www.youtube.com/watch?v=97Z5oHEr8-4,20260205,
12,GaBBoDSQ,nonsonodread,91,"1,2,3,5,2,1,5,2,3,6,14,8,9,5,7,5,7,6",18,SDROGO GOLFATINA SUPER COMBATTUTA con ilMasseo Dread Delu ( c'è anche Jtaz ),97Z5oHEr8-4,https://www.youtube.com/watch?v=97Z5oHEr8-4,20260205,
12,GaBBoDSQ,JTaz,136,"2,2,2,10,2,14,4,4,2,4,14,7,7,14,14,6,14,14",18,SDROGO GOLFATINA SUPER COMBATTUTA con ilMasseo Dread Delu ( c'è anche Jtaz ),97Z5oHEr8-4,https://www.youtube.com/watch?v=97Z5oHEr8-4,20260205,
13,Around Dread,PAR,51,"2,2,3,2,2,4,3,3,4,2,3,3,3,3,2,3,3,4",18,"GOLFATINA FUORI DI CAPOCCIA con Dread, Gabbo, Masseo, JTaz",G10APU6StfY,https://www.youtube.com/watch?v=G10APU6StfY,20260206,
13,Around Dread,ilMasseo,56,"2,3,3,2,3,2,4,5,5,2,2,3,3,4,2,3,4,4",18,"GOLFATINA FUORI DI CAPOCCIA con Dread, Gabbo, Masseo, JTaz",G10APU6StfY,https://www.youtube.com/watch?v=G10APU6StfY,20260206,
13,Around Dread,nonsonodread,60,"3,2,3,2,2,4,5,4,5,5,1,3,3,2,1,6,4,5",18,"GOLFATINA FUORI DI CAPOCCIA con Dread, Gabbo, Masseo, JTaz",G10APU6StfY,https://www.youtube.com/watch?v=G10APU6StfY,20260206,
13,Around Dread,GaBBo,66,"3,4,3,4,2,2,3,11,5,1,3,3,3,5,3,3,5,3",18,"GOLFATINA FUORI DI CAPOCCIA con Dread, Gabbo, Masseo, JTaz",G10APU6StfY,https://www.youtube.com/watch?v=G10APU6StfY,20260206,
13,Around Dread,JTaz,78,"3,3,7,2,3,3,3,3,5,3,2,4,5,4,2,2,8,16",18,"GOLFATINA FUORI DI CAPOCCIA con Dread, Gabbo, Masseo, JTaz",G10APU6StfY,https://www.youtube.com/watch?v=G10APU6StfY,20260206,
14,Just Rohn JR,PAR,74,"3,3,4,3,4,4,3,3,4,5,4,5,4,4,4,6,5,6",18,"GOLFATINA ""INVERNALE"" CON COLPI SENZA SENSO w/ROHN,DREAD, DELUX, GABBO e il MASSEO!",rOYOAVS4H54,https://www.youtube.com/watch?v=rOYOAVS4H54,20260212,
14,Just Rohn JR,Delux,44,"2,7,2,1,2,4,2,2,2,2,2,3,3,1,3,1,2,3",18,"GOLFATINA ""INVERNALE"" CON COLPI SENZA SENSO w/ROHN,DREAD, DELUX, GABBO e il MASSEO!",rOYOAVS4H54,https://www.youtube.com/watch?v=rOYOAVS4H54,20260212,
14,Just Rohn JR,Just Rohn,52,"2,3,2,2,2,3,2,2,2,6,4,3,4,3,2,2,4,4",18,"GOLFATINA ""INVERNALE"" CON COLPI SENZA SENSO w/ROHN,DREAD, DELUX, GABBO e il MASSEO!",rOYOAVS4H54,https://www.youtube.com/watch?v=rOYOAVS4H54,20260212,
14,Just Rohn JR,nonsonodread,59,"2,9,2,2,2,3,2,1,2,6,3,3,4,3,4,4,3,4",18,"GOLFATINA ""INVERNALE"" CON COLPI SENZA SENSO w/ROHN,DREAD, DELUX, GABBO e il MASSEO!",rOYOAVS4H54,https://www.youtube.com/watch?v=rOYOAVS4H54,20260212,
14,Just Rohn JR,GaBBo,63,"2,3,2,2,4,4,8,2,2,9,3,5,3,3,3,2,4,2",18,"GOLFATINA ""INVERNALE"" CON COLPI SENZA SENSO w/ROHN,DREAD, DELUX, GABBO e il MASSEO!",rOYOAVS4H54,https://www.youtube.com/watch?v=rOYOAVS4H54,20260212,
14,Just Rohn JR,ilMasseo,65,"2,3,2,2,4,4,2,2,2,6,2,2,2,4,4,3,14,5",18,"GOLFATINA ""INVERNALE"" CON COLPI SENZA SENSO w/ROHN,DREAD, DELUX, GABBO e il MASSEO!",rOYOAVS4H54,https://www.youtube.com/watch?v=rOYOAVS4H54,20260212,
15,Delux,PAR,69,"4,3,4,3,3,3,4,6,4,4,4,3,5,4,4,4,4,3",18,"UNA GOLFATINA PACIFICA TRA AMICI con Delux, Masseo, Gabbo & Dread",efppNZh_4UA,https://www.youtube.com/watch?v=efppNZh_4UA,20260317,
15,Delux,ilMasseo,74,"3,2,3,1,4,1,5,12,5,3,4,3,4,5,3,7,7,2",18,"UNA GOLFATINA PACIFICA TRA AMICI con Delux, Masseo, Gabbo & Dread",efppNZh_4UA,https://www.youtube.com/watch?v=efppNZh_4UA,20260317,
15,Delux,nonsonodread,78,"4,3,6,5,3,3,4,13,1,3,3,4,6,4,5,4,5,2",18,"UNA GOLFATINA PACIFICA TRA AMICI con Delux, Masseo, Gabbo & Dread",efppNZh_4UA,https://www.youtube.com/watch?v=efppNZh_4UA,20260317,
15,Delux,Delux,79,"2,5,2,2,1,2,2,16,2,8,4,1,4,5,4,2,16,1",18,"UNA GOLFATINA PACIFICA TRA AMICI con Delux, Masseo, Gabbo & Dread",efppNZh_4UA,https://www.youtube.com/watch?v=efppNZh_4UA,20260317,
15,Delux,GaBBo,67,"3,4,1,5,2,2,5,10,5,1,5,2,5,2,1,5,5,4",18,"UNA GOLFATINA PACIFICA TRA AMICI con Delux, Masseo, Gabbo & Dread",efppNZh_4UA,https://www.youtube.com/watch?v=efppNZh_4UA,20260317,
16,Around Dread,PAR,53,"2,2,2,4,3,3,3,3,4,2,3,4,3,2,4,2,3,4",18,"GOLFATINA DEMONIACA con Dread, Masseo, Gabbo, Delux",sEUHEXe3iwM,https://www.youtube.com/watch?v=sEUHEXe3iwM,20260318,
16,Around Dread,Delux,64,"1,2,2,4,6,4,4,5,7,1,2,3,3,2,4,4,4,6",18,"GOLFATINA DEMONIACA con Dread, Masseo, Gabbo, Delux",sEUHEXe3iwM,https://www.youtube.com/watch?v=sEUHEXe3iwM,20260318,
16,Around Dread,nonsonodread,71,"1,1,8,5,2,3,1,6,8,1,3,6,5,3,4,5,4,5",18,"GOLFATINA DEMONIACA con Dread, Masseo, Gabbo, Delux",sEUHEXe3iwM,https://www.youtube.com/watch?v=sEUHEXe3iwM,20260318,
16,Around Dread,ilMasseo,77,"3,3,3,4,8,4,2,3,7,4,2,6,4,4,5,3,6,6",18,"GOLFATINA DEMONIACA con Dread, Masseo, Gabbo, Delux",sEUHEXe3iwM,https://www.youtube.com/watch?v=sEUHEXe3iwM,20260318,
16,Around Dread,GaBBo,77,"2,2,6,7,3,4,3,8,6,4,3,6,3,3,5,3,3,6",18,"GOLFATINA DEMONIACA con Dread, Masseo, Gabbo, Delux",sEUHEXe3iwM,https://www.youtube.com/watch?v=sEUHEXe3iwM,20260318,
17,Just Rohn JR,PAR,53,"1,2,2,2,2,2,3,2,2,3,4,3,4,4,3,4,5,5",18,"UNA GOLFATINA INIZIATA BENE E FINITA NEL CAOS PIU' TOTALE w/ROHN,DREAD, GABBO, MOLLU e il MASSEO ⛳",YcdQ2kgViqM,https://www.youtube.com/watch?v=YcdQ2kgViqM,20260320,
17,Just Rohn JR,ilMasseo,74,"1,2,1,3,2,2,2,1,2,4,8,4,4,5,3,10,14,6",18,"UNA GOLFATINA INIZIATA BENE E FINITA NEL CAOS PIU' TOTALE w/ROHN,DREAD, GABBO, MOLLU e il MASSEO ⛳",YcdQ2kgViqM,https://www.youtube.com/watch?v=YcdQ2kgViqM,20260320,
17,Just Rohn JR,Just Rohn,78,"1,3,2,3,2,3,1,4,1,5,4,4,6,4,3,14,14,4",18,"UNA GOLFATINA INIZIATA BENE E FINITA NEL CAOS PIU' TOTALE w/ROHN,DREAD, GABBO, MOLLU e il MASSEO ⛳",YcdQ2kgViqM,https://www.youtube.com/watch?v=YcdQ2kgViqM,20260320,
17,Just Rohn JR,GaBBo,80,"3,2,2,2,2,5,4,3,4,5,8,6,4,4,3,4,14,5",18,"UNA GOLFATINA INIZIATA BENE E FINITA NEL CAOS PIU' TOTALE w/ROHN,DREAD, GABBO, MOLLU e il MASSEO ⛳",YcdQ2kgViqM,https://www.youtube.com/watch?v=YcdQ2kgViqM,20260320,
17,Just Rohn JR,nonsonodread,83,"2,2,3,4,3,2,4,3,3,10,14,5,6,4,5,4,5,4",18,"UNA GOLFATINA INIZIATA BENE E FINITA NEL CAOS PIU' TOTALE w/ROHN,DREAD, GABBO, MOLLU e il MASSEO ⛳",YcdQ2kgViqM,https://www.youtube.com/watch?v=YcdQ2kgViqM,20260320,
17,Just Rohn JR,Mollu,88,"1,2,2,7,2,5,3,2,4,4,5,5,6,3,2,14,14,7",18,"UNA GOLFATINA INIZIATA BENE E FINITA NEL CAOS PIU' TOTALE w/ROHN,DREAD, GABBO, MOLLU e il MASSEO ⛳",YcdQ2kgViqM,https://www.youtube.com/watch?v=YcdQ2kgViqM,20260320,
18,GaBBoDSQ,PAR,40,"2,2,2,2,2,2,2,2,3,3,2,3,2,2,2,2,3,2",18,Questa volta abbiamo fatto DAVVERO ARRABBIARE il Rohnnino… 🥺 SDROGO GOLFATINA,1SoHXNKL53o,https://www.youtube.com/watch?v=1SoHXNKL53o,20260408,
18,GaBBoDSQ,Just Rohn,52,"1,2,5,2,3,2,2,6,4,3,2,2,1,3,2,2,7,3",18,Questa volta abbiamo fatto DAVVERO ARRABBIARE il Rohnnino… 🥺 SDROGO GOLFATINA,1SoHXNKL53o,https://www.youtube.com/watch?v=1SoHXNKL53o,20260408,
18,GaBBoDSQ,nonsonodread,53,"1,2,4,4,2,3,3,4,5,2,2,3,2,3,3,4,4,2",18,Questa volta abbiamo fatto DAVVERO ARRABBIARE il Rohnnino… 🥺 SDROGO GOLFATINA,1SoHXNKL53o,https://www.youtube.com/watch?v=1SoHXNKL53o,20260408,
18,GaBBoDSQ,Delux,44,"2,2,3,3,1,2,2,3,4,3,3,4,2,2,2,3,1,2",18,Questa volta abbiamo fatto DAVVERO ARRABBIARE il Rohnnino… 🥺 SDROGO GOLFATINA,1SoHXNKL53o,https://www.youtube.com/watch?v=1SoHXNKL53o,20260408,
18,GaBBoDSQ,GaBBo,71,"2,1,5,2,6,2,2,3,4,14,3,3,3,3,1,2,14,1",18,Questa volta abbiamo fatto DAVVERO ARRABBIARE il Rohnnino… 🥺 SDROGO GOLFATINA,1SoHXNKL53o,https://www.youtube.com/watch?v=1SoHXNKL53o,20260408,
19,Around Dread,PAR,53,"2,3,2,4,3,2,4,3,2,2,3,3,3,3,3,4,4,3",18,"SDROGO GOLFATINA CON I RE DELLE PALLE (amano le mazze...) con Dread, Rohn, Gabbo, Delux",sXtQUINYS8Y,https://www.youtube.com/watch?v=sXtQUINYS8Y,20260410,
19,Around Dread,Delux,53,"1,1,2,4,2,1,1,3,3,4,1,2,5,4,3,4,7,5",18,"SDROGO GOLFATINA CON I RE DELLE PALLE (amano le mazze...) con Dread, Rohn, Gabbo, Delux",sXtQUINYS8Y,https://www.youtube.com/watch?v=sXtQUINYS8Y,20260410,
19,Around Dread,GaBBo,57,"1,1,1,2,3,1,4,6,3,3,3,1,5,7,6,2,4,4",18,"SDROGO GOLFATINA CON I RE DELLE PALLE (amano le mazze...) con Dread, Rohn, Gabbo, Delux",sXtQUINYS8Y,https://www.youtube.com/watch?v=sXtQUINYS8Y,20260410,
19,Around Dread,nonsonodread,59,"2,2,2,7,3,3,1,3,4,2,2,2,3,3,4,8,3,5",18,"SDROGO GOLFATINA CON I RE DELLE PALLE (amano le mazze...) con Dread, Rohn, Gabbo, Delux",sXtQUINYS8Y,https://www.youtube.com/watch?v=sXtQUINYS8Y,20260410,
19,Around Dread,Just Rohn,65,"1,1,3,5,3,2,3,3,3,3,2,4,9,5,3,7,5,3",18,"SDROGO GOLFATINA CON I RE DELLE PALLE (amano le mazze...) con Dread, Rohn, Gabbo, Delux",sXtQUINYS8Y,https://www.youtube.com/watch?v=sXtQUINYS8Y,20260410,
20,Just Rohn JR,PAR,58,"2,2,3,3,3,2,5,3,4,3,2,4,2,4,3,5,3,5",18,"GOLFATINA FURIOSA!...nella MAPPA PIU' BELLA MAI GIOCATA!? w/ROHN,DREAD,GABBO e DELUX ⛳",DtzjUGyzg0I,https://www.youtube.com/watch?v=DtzjUGyzg0I,20260417,
20,Just Rohn JR,nonsonodread,61,"1,1,3,3,2,2,3,5,8,5,1,5,1,4,3,4,4,6",18,"GOLFATINA FURIOSA!...nella MAPPA PIU' BELLA MAI GIOCATA!? w/ROHN,DREAD,GABBO e DELUX ⛳",DtzjUGyzg0I,https://www.youtube.com/watch?v=DtzjUGyzg0I,20260417,
20,Just Rohn JR,Just Rohn,72,"2,3,4,6,3,4,4,4,3,3,4,4,2,6,5,5,4,6",18,"GOLFATINA FURIOSA!...nella MAPPA PIU' BELLA MAI GIOCATA!? w/ROHN,DREAD,GABBO e DELUX ⛳",DtzjUGyzg0I,https://www.youtube.com/watch?v=DtzjUGyzg0I,20260417,
20,Just Rohn JR,Delux,77,"3,3,4,3,2,2,3,5,3,4,4,4,5,6,2,14,6,4",18,"GOLFATINA FURIOSA!...nella MAPPA PIU' BELLA MAI GIOCATA!? w/ROHN,DREAD,GABBO e DELUX ⛳",DtzjUGyzg0I,https://www.youtube.com/watch?v=DtzjUGyzg0I,20260417,
20,Just Rohn JR,GaBBo,82,"3,3,6,6,3,2,7,4,4,4,2,5,2,5,7,7,4,8",18,"GOLFATINA FURIOSA!...nella MAPPA PIU' BELLA MAI GIOCATA!? w/ROHN,DREAD,GABBO e DELUX ⛳",DtzjUGyzg0I,https://www.youtube.com/watch?v=DtzjUGyzg0I,20260417,
21,GaBBoDSQ,PAR,51,"1,2,2,2,2,3,2,3,3,3,3,3,3,3,3,4,4,5",18,4 STUDENTI DI OXFORD SI AFFRONTANO IN UNA GLORIOSA SUPER SDROGO GOLFATINA,7FTrpt99AsI,https://www.youtube.com/watch?v=7FTrpt99AsI,20260418,
21,GaBBoDSQ,nonsonodread,77,"1,1,3,3,9,5,3,4,3,2,8,4,3,1,5,3,5,14",18,4 STUDENTI DI OXFORD SI AFFRONTANO IN UNA GLORIOSA SUPER SDROGO GOLFATINA,7FTrpt99AsI,https://www.youtube.com/watch?v=7FTrpt99AsI,20260418,
21,GaBBoDSQ,Delux,78,"1,2,2,5,2,8,2,5,8,2,5,2,6,5,4,2,9,8",18,4 STUDENTI DI OXFORD SI AFFRONTANO IN UNA GLORIOSA SUPER SDROGO GOLFATINA,7FTrpt99AsI,https://www.youtube.com/watch?v=7FTrpt99AsI,20260418,
21,GaBBoDSQ,Just Rohn,101,"1,3,3,14,8,5,2,6,5,6,6,4,4,7,4,7,2,14",18,4 STUDENTI DI OXFORD SI AFFRONTANO IN UNA GLORIOSA SUPER SDROGO GOLFATINA,7FTrpt99AsI,https://www.youtube.com/watch?v=7FTrpt99AsI,20260418,
21,GaBBoDSQ,GaBBo,102,"2,4,2,6,5,4,3,4,4,10,8,4,5,6,6,7,14,8",18,4 STUDENTI DI OXFORD SI AFFRONTANO IN UNA GLORIOSA SUPER SDROGO GOLFATINA,7FTrpt99AsI,https://www.youtube.com/watch?v=7FTrpt99AsI,20260418,
22,Around Dread,PAR,39,"2,2,2,2,2,2,2,2,3,2,2,2,2,2,2,2,4,2",18,"GOLFATINA MALEDETTA (l'ultimo ci lascia per sempre) con Dread, Rohn, Gabbo, Delux",K6XbosbFIjg,https://www.youtube.com/watch?v=K6XbosbFIjg,20260422,
22,Around Dread,Just Rohn,45,"2,2,2,3,2,3,2,5,3,2,2,2,2,2,2,3,4,2",18,"GOLFATINA MALEDETTA (l'ultimo ci lascia per sempre) con Dread, Rohn, Gabbo, Delux",K6XbosbFIjg,https://www.youtube.com/watch?v=K6XbosbFIjg,20260422,
22,Around Dread,Delux,48,"3,2,3,5,2,2,2,3,3,2,1,1,2,2,6,2,5,2",18,"GOLFATINA MALEDETTA (l'ultimo ci lascia per sempre) con Dread, Rohn, Gabbo, Delux",K6XbosbFIjg,https://www.youtube.com/watch?v=K6XbosbFIjg,20260422,
22,Around Dread,GaBBo,52,"2,3,4,3,2,2,2,4,5,2,2,1,2,2,3,2,9,2",18,"GOLFATINA MALEDETTA (l'ultimo ci lascia per sempre) con Dread, Rohn, Gabbo, Delux",K6XbosbFIjg,https://www.youtube.com/watch?v=K6XbosbFIjg,20260422,
22,Around Dread,nonsonodread,52,"3,3,2,2,2,2,3,2,4,4,1,6,2,3,4,2,5,2",18,"GOLFATINA MALEDETTA (l'ultimo ci lascia per sempre) con Dread, Rohn, Gabbo, Delux",K6XbosbFIjg,https://www.youtube.com/watch?v=K6XbosbFIjg,20260422,
23,Delux,PAR,54,"3,3,3,3,3,3,3,3,3,3,3,3,3,3,3,3,3,3",18,"QUATTRO GOLFISTI PROFESSIONISTI GIOCANO AL VIDEOGIOCO DEL MINIGOLF con Delux, Dread, Gabbo & JTaz",24gIGkEHAfw,https://www.youtube.com/watch?v=24gIGkEHAfw,20260423,
23,Delux,Just Rohn,42,"2,2,1,2,2,4,1,2,2,3,2,3,3,4,4,1,2,2",18,"QUATTRO GOLFISTI PROFESSIONISTI GIOCANO AL VIDEOGIOCO DEL MINIGOLF con Delux, Dread, Gabbo & JTaz",24gIGkEHAfw,https://www.youtube.com/watch?v=24gIGkEHAfw,20260423,
23,Delux,nonsonodread,43,"4,3,1,3,2,6,2,2,2,3,1,2,4,2,1,1,2,2",18,"QUATTRO GOLFISTI PROFESSIONISTI GIOCANO AL VIDEOGIOCO DEL MINIGOLF con Delux, Dread, Gabbo & JTaz",24gIGkEHAfw,https://www.youtube.com/watch?v=24gIGkEHAfw,20260423,
23,Delux,Delux,43,"3,2,1,1,1,2,3,4,2,2,6,5,1,1,2,3,3,1",18,"QUATTRO GOLFISTI PROFESSIONISTI GIOCANO AL VIDEOGIOCO DEL MINIGOLF con Delux, Dread, Gabbo & JTaz",24gIGkEHAfw,https://www.youtube.com/watch?v=24gIGkEHAfw,20260423,
23,Delux,GaBBo,64,"5,3,2,1,2,14,1,4,2,4,2,2,3,2,5,7,2,3",18,"QUATTRO GOLFISTI PROFESSIONISTI GIOCANO AL VIDEOGIOCO DEL MINIGOLF con Delux, Dread, Gabbo & JTaz",24gIGkEHAfw,https://www.youtube.com/watch?v=24gIGkEHAfw,20260423,
24,GaBBoDSQ,PAR,53,"1,2,2,2,2,2,3,2,2,3,4,3,4,4,3,4,5,5",18,SDROGO GOLFATINA ma IO E ROHN abbiamo LITIGATO,ZKEYfCubz1k,https://www.youtube.com/watch?v=ZKEYfCubz1k,20260429,
24,GaBBoDSQ,nonsonodread,70,"2,2,5,3,4,4,2,1,3,2,7,6,4,4,5,2,14,0",18,SDROGO GOLFATINA ma IO E ROHN abbiamo LITIGATO,ZKEYfCubz1k,https://www.youtube.com/watch?v=ZKEYfCubz1k,20260429,
24,GaBBoDSQ,Delux,71,"3,2,3,2,4,3,4,4,3,6,7,2,3,3,5,3,14,0",18,SDROGO GOLFATINA ma IO E ROHN abbiamo LITIGATO,ZKEYfCubz1k,https://www.youtube.com/watch?v=ZKEYfCubz1k,20260429,
24,GaBBoDSQ,JTaz,74,"2,2,4,2,3,2,3,3,3,3,7,3,4,5,5,9,14,0",18,SDROGO GOLFATINA ma IO E ROHN abbiamo LITIGATO,ZKEYfCubz1k,https://www.youtube.com/watch?v=ZKEYfCubz1k,20260429,
24,GaBBoDSQ,GaBBo,83,"3,2,2,1,3,2,8,4,3,5,5,7,4,6,3,11,14,0",18,SDROGO GOLFATINA ma IO E ROHN abbiamo LITIGATO,ZKEYfCubz1k,https://www.youtube.com/watch?v=ZKEYfCubz1k,20260429,
25,JTaz Extra,PAR,53,"4,3,3,3,3,3,2,4,4,3,2,3,3,2,3,3,3,2",18,"LA GOLFATINA più TRANQUILLA di SEMPRE ⛳ con DREAD, DELUX, GABBO, JTAZ",kO4zxE6BXPA,https://www.youtube.com/watch?v=kO4zxE6BXPA,20260430,
25,JTaz Extra,Just Rohn,44,"3,2,3,4,1,4,3,1,4,2,2,2,2,2,4,1,1,3",18,"LA GOLFATINA più TRANQUILLA di SEMPRE ⛳ con DREAD, DELUX, GABBO, JTAZ",kO4zxE6BXPA,https://www.youtube.com/watch?v=kO4zxE6BXPA,20260430,
25,JTaz Extra,GaBBo,48,"3,1,2,5,3,3,4,2,3,3,1,2,4,2,2,2,1,5",18,"LA GOLFATINA più TRANQUILLA di SEMPRE ⛳ con DREAD, DELUX, GABBO, JTAZ",kO4zxE6BXPA,https://www.youtube.com/watch?v=kO4zxE6BXPA,20260430,
25,JTaz Extra,Delux,48,"4,2,2,5,6,2,1,2,3,3,3,1,4,2,2,1,1,4",18,"LA GOLFATINA più TRANQUILLA di SEMPRE ⛳ con DREAD, DELUX, GABBO, JTAZ",kO4zxE6BXPA,https://www.youtube.com/watch?v=kO4zxE6BXPA,20260430,
25,JTaz Extra,nonsonodread,52,"2,2,3,4,3,6,3,1,4,2,4,3,2,2,2,2,2,5",18,"LA GOLFATINA più TRANQUILLA di SEMPRE ⛳ con DREAD, DELUX, GABBO, JTAZ",kO4zxE6BXPA,https://www.youtube.com/watch?v=kO4zxE6BXPA,20260430,
26,Just Rohn JR,PAR,59,"3,3,4,3,3,4,3,3,5,3,3,3,4,3,3,3,3,3",18,"GOLFATINA FINITA MALE...RAGEQUIT A META' PARTITA?! w/ROHN,DREAD,GABBO e DELUX ⛳",_uvZcJiAq5I,https://www.youtube.com/watch?v=_uvZcJiAq5I,20260501,
26,Just Rohn JR,Mollu,54,"8,5,5,2,1,2,2,1,4,3,1,2,6,3,3,3,2,1",18,"GOLFATINA FINITA MALE...RAGEQUIT A META' PARTITA?! w/ROHN,DREAD,GABBO e DELUX ⛳",_uvZcJiAq5I,https://www.youtube.com/watch?v=_uvZcJiAq5I,20260501,
26,Just Rohn JR,Just Rohn,57,"3,3,3,2,3,3,3,1,6,3,2,3,4,3,4,3,5,3",18,"GOLFATINA FINITA MALE...RAGEQUIT A META' PARTITA?! w/ROHN,DREAD,GABBO e DELUX ⛳",_uvZcJiAq5I,https://www.youtube.com/watch?v=_uvZcJiAq5I,20260501,
26,Just Rohn JR,nonsonodread,64,"2,2,5,2,2,3,5,1,8,3,4,4,5,4,6,4,2,2",18,"GOLFATINA FINITA MALE...RAGEQUIT A META' PARTITA?! w/ROHN,DREAD,GABBO e DELUX ⛳",_uvZcJiAq5I,https://www.youtube.com/watch?v=_uvZcJiAq5I,20260501,
26,Just Rohn JR,Delux,65,"2,2,7,5,1,3,3,1,8,3,2,7,4,5,4,3,3,2",18,"GOLFATINA FINITA MALE...RAGEQUIT A META' PARTITA?! w/ROHN,DREAD,GABBO e DELUX ⛳",_uvZcJiAq5I,https://www.youtube.com/watch?v=_uvZcJiAq5I,20260501,
26,Just Rohn JR,JTaz,98,"3,5,4,2,17,5,3,1,7,5,3,5,17,5,7,3,4,2",18,"GOLFATINA FINITA MALE...RAGEQUIT A META' PARTITA?! w/ROHN,DREAD,GABBO e DELUX ⛳",_uvZcJiAq5I,https://www.youtube.com/watch?v=_uvZcJiAq5I,20260501,
27,Delux,PAR,68,"2,3,3,3,4,3,4,4,5,5,5,4,4,4,3,4,4,4",18,"L'ELENCO PIÚ BELLO MAI FATTO FINO AD ORA A MANI BASSE. con Delux, Rohn, Dread, Mollu & JTaz",0E5bB60k9YI,https://www.youtube.com/watch?v=0E5bB60k9YI,20260507,
27,Delux,Just Rohn,57,"4,2,3,2,2,3,3,2,3,3,4,4,2,4,4,3,5,4",18,"L'ELENCO PIÚ BELLO MAI FATTO FINO AD ORA A MANI BASSE. con Delux, Rohn, Dread, Mollu & JTaz",0E5bB60k9YI,https://www.youtube.com/watch?v=0E5bB60k9YI,20260507,
27,Delux,nonsonodread,59,"4,2,2,3,2,4,4,3,2,5,4,4,2,3,4,3,4,4",18,"L'ELENCO PIÚ BELLO MAI FATTO FINO AD ORA A MANI BASSE. con Delux, Rohn, Dread, Mollu & JTaz",0E5bB60k9YI,https://www.youtube.com/watch?v=0E5bB60k9YI,20260507,
27,Delux,Delux,66,"1,2,1,3,3,3,4,4,1,12,1,4,4,4,3,6,3,7",18,"L'ELENCO PIÚ BELLO MAI FATTO FINO AD ORA A MANI BASSE. con Delux, Rohn, Dread, Mollu & JTaz",0E5bB60k9YI,https://www.youtube.com/watch?v=0E5bB60k9YI,20260507,
27,Delux,GaBBo,84,"5,2,3,4,3,2,7,3,4,8,6,5,4,2,5,3,6,12",18,"L'ELENCO PIÚ BELLO MAI FATTO FINO AD ORA A MANI BASSE. con Delux, Rohn, Dread, Mollu & JTaz",0E5bB60k9YI,https://www.youtube.com/watch?v=0E5bB60k9YI,20260507,
27,Delux,ilMasseo,98,"4,2,2,3,3,3,5,12,8,12,12,4,11,4,3,3,6,1",18,"L'ELENCO PIÚ BELLO MAI FATTO FINO AD ORA A MANI BASSE. con Delux, Rohn, Dread, Mollu & JTaz",0E5bB60k9YI,https://www.youtube.com/watch?v=0E5bB60k9YI,20260507,
28,Around Dread,PAR,61,"3,4,3,3,3,4,5,3,4,5,3,3,3,3,3,3,3,3",18,"GOLFATINA MOLTO ARRABBIATA con Dread, Rohn, Masseo, Gabbo, Delux",a6IGtNxVAGM,https://www.youtube.com/watch?v=a6IGtNxVAGM,20260509,
28,Around Dread,Delux,43,"2,5,1,8,3,4,4,2,1,2,1,1,1,3,1,2,1,1",18,"GOLFATINA MOLTO ARRABBIATA con Dread, Rohn, Masseo, Gabbo, Delux",a6IGtNxVAGM,https://www.youtube.com/watch?v=a6IGtNxVAGM,20260509,
28,Around Dread,Just Rohn,49,"4,5,2,8,2,2,2,2,3,4,1,1,2,4,2,2,2,1",18,"GOLFATINA MOLTO ARRABBIATA con Dread, Rohn, Masseo, Gabbo, Delux",a6IGtNxVAGM,https://www.youtube.com/watch?v=a6IGtNxVAGM,20260509,
28,Around Dread,JTaz,58,"6,2,2,6,6,3,4,3,6,3,2,1,3,2,4,3,1,1",18,"GOLFATINA MOLTO ARRABBIATA con Dread, Rohn, Masseo, Gabbo, Delux",a6IGtNxVAGM,https://www.youtube.com/watch?v=a6IGtNxVAGM,20260509,
28,Around Dread,nonsonodread,62,"5,5,1,14,2,2,3,3,4,4,1,2,3,3,3,1,2,4",18,"GOLFATINA MOLTO ARRABBIATA con Dread, Rohn, Masseo, Gabbo, Delux",a6IGtNxVAGM,https://www.youtube.com/watch?v=a6IGtNxVAGM,20260509,
29,Just Rohn JR,PAR,59,"2,2,3,3,3,3,3,3,3,4,3,4,3,3,3,5,4,5",18,"GOLFATINA OLIMPICA - UN RECORD IMPOSSIBILE DA BATTERE w/ROHN,DREAD,DELUX e JTAZ ⛳",2zdkusQJBbU,https://www.youtube.com/watch?v=2zdkusQJBbU,20260512,
29,Just Rohn JR,ilMasseo,45,"4,2,3,2,5,1,1,2,2,2,2,5,2,2,3,3,2,2",18,"GOLFATINA OLIMPICA - UN RECORD IMPOSSIBILE DA BATTERE w/ROHN,DREAD,DELUX e JTAZ ⛳",2zdkusQJBbU,https://www.youtube.com/watch?v=2zdkusQJBbU,20260512,
29,Just Rohn JR,Mollu,47,"2,1,2,2,4,5,2,1,2,4,3,1,4,3,3,1,4,3",18,"GOLFATINA OLIMPICA - UN RECORD IMPOSSIBILE DA BATTERE w/ROHN,DREAD,DELUX e JTAZ ⛳",2zdkusQJBbU,https://www.youtube.com/watch?v=2zdkusQJBbU,20260512,
29,Just Rohn JR,nonsonodread,49,"3,3,3,2,2,4,2,2,2,3,2,2,3,3,3,3,4,3",18,"GOLFATINA OLIMPICA - UN RECORD IMPOSSIBILE DA BATTERE w/ROHN,DREAD,DELUX e JTAZ ⛳",2zdkusQJBbU,https://www.youtube.com/watch?v=2zdkusQJBbU,20260512,
29,Just Rohn JR,JTaz,58,"3,2,2,2,3,3,2,2,6,6,4,4,2,2,2,2,7,4",18,"GOLFATINA OLIMPICA - UN RECORD IMPOSSIBILE DA BATTERE w/ROHN,DREAD,DELUX e JTAZ ⛳",2zdkusQJBbU,https://www.youtube.com/watch?v=2zdkusQJBbU,20260512,
30,oessaM,PAR,49,"2,3,2,3,2,2,3,3,2,3,4,3,4,4,2,2,3,2",18,La PRIMA GOLFATINA non si scorda MAI: Golf With Your Friends ⛳️🏌️‍♂️,EJMEBEJzjGo,https://www.youtube.com/watch?v=EJMEBEJzjGo,20260513,
30,oessaM,Mollu,44,"1,4,1,2,1,1,2,3,2,2,2,3,4,7,2,2,4,1",18,La PRIMA GOLFATINA non si scorda MAI: Golf With Your Friends ⛳️🏌️‍♂️,EJMEBEJzjGo,https://www.youtube.com/watch?v=EJMEBEJzjGo,20260513,
30,oessaM,GaBBo,54,"2,3,4,2,1,3,2,3,3,3,2,3,6,4,3,4,4,2",18,La PRIMA GOLFATINA non si scorda MAI: Golf With Your Friends ⛳️🏌️‍♂️,EJMEBEJzjGo,https://www.youtube.com/watch?v=EJMEBEJzjGo,20260513,
30,oessaM,nonsonodread,55,"1,2,3,2,1,4,3,2,3,2,2,9,2,6,3,3,3,4",18,La PRIMA GOLFATINA non si scorda MAI: Golf With Your Friends ⛳️🏌️‍♂️,EJMEBEJzjGo,https://www.youtube.com/watch?v=EJMEBEJzjGo,20260513,
30,oessaM,Just Rohn,58,"1,1,3,10,3,2,3,3,4,2,3,2,5,5,2,3,3,3",18,La PRIMA GOLFATINA non si scorda MAI: Golf With Your Friends ⛳️🏌️‍♂️,EJMEBEJzjGo,https://www.youtube.com/watch?v=EJMEBEJzjGo,20260513,
30,oessaM,Delux,66,"1,3,4,9,2,1,2,6,5,1,2,8,6,2,4,4,3,3",18,La PRIMA GOLFATINA non si scorda MAI: Golf With Your Friends ⛳️🏌️‍♂️,EJMEBEJzjGo,https://www.youtube.com/watch?v=EJMEBEJzjGo,20260513,
31,GaBBoDSQ,PAR,75,"2,3,3,4,3,5,4,4,4,4,5,6,5,4,6,5,6,2",18,UNA MAPPA SDROGO PER UNA GOLFATINA SDROGO ( occhio al progetto ),54RjIkAC8g4,https://www.youtube.com/watch?v=54RjIkAC8g4,20260515,
31,GaBBoDSQ,Delux,54,"2,2,1,1,3,2,5,6,1,5,4,3,5,2,3,2,6,1",18,UNA MAPPA SDROGO PER UNA GOLFATINA SDROGO ( occhio al progetto ),54RjIkAC8g4,https://www.youtube.com/watch?v=54RjIkAC8g4,20260515,
31,GaBBoDSQ,nonsonodread,55,"1,1,2,2,3,5,4,3,3,3,5,4,3,4,4,3,4,1",18,UNA MAPPA SDROGO PER UNA GOLFATINA SDROGO ( occhio al progetto ),54RjIkAC8g4,https://www.youtube.com/watch?v=54RjIkAC8g4,20260515,
31,GaBBoDSQ,JTaz,69,"2,2,3,3,2,4,7,3,1,6,5,7,5,4,6,3,5,1",18,UNA MAPPA SDROGO PER UNA GOLFATINA SDROGO ( occhio al progetto ),54RjIkAC8g4,https://www.youtube.com/watch?v=54RjIkAC8g4,20260515,
31,GaBBoDSQ,GaBBo,100,"2,1,2,2,3,5,4,5,1,14,14,11,8,6,5,2,14,1",18,UNA MAPPA SDROGO PER UNA GOLFATINA SDROGO ( occhio al progetto ),54RjIkAC8g4,https://www.youtube.com/watch?v=54RjIkAC8g4,20260515,
32,Delux,PAR,53,"2,3,2,3,3,3,3,4,3,4,3,3,2,6,2,2,4,1",18,"LA GOLFATINA INFERNALE RPG. con Delux, Rohn, Dread, Mollu & Gabbodismerdaland",cWkIOXTKNK8,https://www.youtube.com/watch?v=cWkIOXTKNK8,20260519,
32,Delux,Mollu,61,"2,5,2,1,3,8,2,3,1,1,3,1,2,10,1,2,14,0",18,"LA GOLFATINA INFERNALE RPG. con Delux, Rohn, Dread, Mollu & Gabbodismerdaland",cWkIOXTKNK8,https://www.youtube.com/watch?v=cWkIOXTKNK8,20260519,
32,Delux,Just Rohn,68,"1,3,1,1,9,6,6,3,5,2,1,14,3,3,2,2,6,0",18,"LA GOLFATINA INFERNALE RPG. con Delux, Rohn, Dread, Mollu & Gabbodismerdaland",cWkIOXTKNK8,https://www.youtube.com/watch?v=cWkIOXTKNK8,20260519,
32,Delux,nonsonodread,71,"2,3,2,2,7,6,5,6,2,6,2,4,3,3,4,3,11,0",18,"LA GOLFATINA INFERNALE RPG. con Delux, Rohn, Dread, Mollu & Gabbodismerdaland",cWkIOXTKNK8,https://www.youtube.com/watch?v=cWkIOXTKNK8,20260519,
32,Delux,ilMasseo,72,"2,3,2,1,8,3,6,14,1,3,1,2,5,14,2,2,3,0",18,"LA GOLFATINA INFERNALE RPG. con Delux, Rohn, Dread, Mollu & Gabbodismerdaland",cWkIOXTKNK8,https://www.youtube.com/watch?v=cWkIOXTKNK8,20260519,
32,Delux,JTaz,88,"2,3,2,1,8,14,4,14,4,5,1,3,4,10,3,5,5,0",18,"LA GOLFATINA INFERNALE RPG. con Delux, Rohn, Dread, Mollu & Gabbodismerdaland",cWkIOXTKNK8,https://www.youtube.com/watch?v=cWkIOXTKNK8,20260519,
33,Just Rohn JR,PAR,58,"3,2,2,2,2,3,3,3,3,4,4,3,3,4,4,4,4,5",18,"GOLFATINA DI COMPLEANNO...MA MI TRATTANO TUTTI MALE w/ROHN, DREAD, MOLLU, JTAZ e il MASSEO ⛳",-NC4P43jSLs,https://www.youtube.com/watch?v=-NC4P43jSLs,20260526,
33,Just Rohn JR,nonsonodread,81,"4,2,3,9,1,2,4,2,2,6,5,4,3,6,3,17,5,3",18,"GOLFATINA DI COMPLEANNO...MA MI TRATTANO TUTTI MALE w/ROHN, DREAD, MOLLU, JTAZ e il MASSEO ⛳",-NC4P43jSLs,https://www.youtube.com/watch?v=-NC4P43jSLs,20260526,
33,Just Rohn JR,GaBBo,85,"6,1,3,5,4,3,4,3,3,5,5,3,3,3,7,4,6,17",18,"GOLFATINA DI COMPLEANNO...MA MI TRATTANO TUTTI MALE w/ROHN, DREAD, MOLLU, JTAZ e il MASSEO ⛳",-NC4P43jSLs,https://www.youtube.com/watch?v=-NC4P43jSLs,20260526,
33,Just Rohn JR,Delux,96,"8,1,3,10,1,3,6,6,2,7,10,2,3,4,4,4,5,17",18,"GOLFATINA DI COMPLEANNO...MA MI TRATTANO TUTTI MALE w/ROHN, DREAD, MOLLU, JTAZ e il MASSEO ⛳",-NC4P43jSLs,https://www.youtube.com/watch?v=-NC4P43jSLs,20260526,
33,Just Rohn JR,JTaz,113,"7,3,6,8,4,4,4,5,4,4,3,9,5,17,2,5,6,17",18,"GOLFATINA DI COMPLEANNO...MA MI TRATTANO TUTTI MALE w/ROHN, DREAD, MOLLU, JTAZ e il MASSEO ⛳",-NC4P43jSLs,https://www.youtube.com/watch?v=-NC4P43jSLs,20260526,
34,Delux,PAR,75,"2,3,2,3,4,4,4,4,4,4,4,5,5,5,7,3,6,6",18,"UNA GOLFATINA DEMONIACA. con Delux, Dread, Gabbo & JTaz from the stars",lj5-ddG4zTM,https://www.youtube.com/watch?v=lj5-ddG4zTM,20260528,
34,Delux,ilMasseo,71,"3,2,2,3,2,2,3,6,4,1,6,7,3,5,8,5,3,6",18,"UNA GOLFATINA DEMONIACA. con Delux, Dread, Gabbo & JTaz from the stars",lj5-ddG4zTM,https://www.youtube.com/watch?v=lj5-ddG4zTM,20260528,
34,Delux,Just Rohn,74,"2,2,1,1,4,3,4,4,7,3,6,5,2,7,7,4,6,6",18,"UNA GOLFATINA DEMONIACA. con Delux, Dread, Gabbo & JTaz from the stars",lj5-ddG4zTM,https://www.youtube.com/watch?v=lj5-ddG4zTM,20260528,
34,Delux,Delux,76,"3,2,1,1,1,2,3,5,5,8,4,5,4,5,7,9,6,5",18,"UNA GOLFATINA DEMONIACA. con Delux, Dread, Gabbo & JTaz from the stars",lj5-ddG4zTM,https://www.youtube.com/watch?v=lj5-ddG4zTM,20260528,
34,Delux,nonsonodread,80,"2,4,1,1,4,3,4,6,6,1,6,6,3,8,7,3,8,7",18,"UNA GOLFATINA DEMONIACA. con Delux, Dread, Gabbo & JTaz from the stars",lj5-ddG4zTM,https://www.youtube.com/watch?v=lj5-ddG4zTM,20260528,
34,Delux,GaBBo,93,"3,3,2,1,7,5,4,7,8,3,4,5,4,6,8,3,14,6",18,"UNA GOLFATINA DEMONIACA. con Delux, Dread, Gabbo & JTaz from the stars",lj5-ddG4zTM,https://www.youtube.com/watch?v=lj5-ddG4zTM,20260528,
35,GaBBoDSQ,PAR,50,"2,2,2,2,2,2,2,2,3,3,3,3,3,3,3,4,4,5",18,SDROGO GOLFATINA ESPLOSIVA ( letteralmente ),YleYm6W8AU4,https://www.youtube.com/watch?v=YleYm6W8AU4,20260605,
35,GaBBoDSQ,Mollu,39,"2,1,2,2,1,3,1,1,2,3,3,1,1,2,2,1,3,8",18,SDROGO GOLFATINA ESPLOSIVA ( letteralmente ),YleYm6W8AU4,https://www.youtube.com/watch?v=YleYm6W8AU4,20260605,
35,GaBBoDSQ,Delux,43,"3,1,2,2,2,2,2,2,2,4,2,2,4,2,3,3,1,4",18,SDROGO GOLFATINA ESPLOSIVA ( letteralmente ),YleYm6W8AU4,https://www.youtube.com/watch?v=YleYm6W8AU4,20260605,
35,GaBBoDSQ,Just Rohn,44,"1,1,2,2,3,2,2,2,1,3,4,1,3,5,2,1,4,5",18,SDROGO GOLFATINA ESPLOSIVA ( letteralmente ),YleYm6W8AU4,https://www.youtube.com/watch?v=YleYm6W8AU4,20260605,
35,GaBBoDSQ,GaBBo,51,"3,2,2,1,1,2,2,3,3,2,3,2,3,3,3,3,3,10",18,SDROGO GOLFATINA ESPLOSIVA ( letteralmente ),YleYm6W8AU4,https://www.youtube.com/watch?v=YleYm6W8AU4,20260605,
35,GaBBoDSQ,nonsonodread,54,"3,2,1,3,1,2,2,4,3,4,4,2,1,3,4,2,5,8",18,SDROGO GOLFATINA ESPLOSIVA ( letteralmente ),YleYm6W8AU4,https://www.youtube.com/watch?v=YleYm6W8AU4,20260605,
36,Just Rohn JR,PAR,49,"4,5,3,3,1,4,4,1,3,2,1,5,4,4,2,1,1,1",18,"UNA CALDA GOLFATINA...CHE SAPPIAMO GIA' COME ANDRA' A FINIRE w/ROHN, DREAD, GABBO, MOLLU e DELUX ⛳",la960Us8FWQ,https://www.youtube.com/watch?v=la960Us8FWQ,20260606,
36,Just Rohn JR,Just Rohn,74,"10,1,4,3,14,1,1,1,2,2,6,8,4,3,4,2,1,7",18,"UNA CALDA GOLFATINA...CHE SAPPIAMO GIA' COME ANDRA' A FINIRE w/ROHN, DREAD, GABBO, MOLLU e DELUX ⛳",la960Us8FWQ,https://www.youtube.com/watch?v=la960Us8FWQ,20260606,
36,Just Rohn JR,nonsonodread,82,"3,5,11,5,11,1,2,1,4,2,4,11,6,3,3,2,1,7",18,"UNA CALDA GOLFATINA...CHE SAPPIAMO GIA' COME ANDRA' A FINIRE w/ROHN, DREAD, GABBO, MOLLU e DELUX ⛳",la960Us8FWQ,https://www.youtube.com/watch?v=la960Us8FWQ,20260606,
36,Just Rohn JR,Delux,101,"8,6,14,4,14,1,2,1,3,9,1,9,6,6,14,1,1,1",18,"UNA CALDA GOLFATINA...CHE SAPPIAMO GIA' COME ANDRA' A FINIRE w/ROHN, DREAD, GABBO, MOLLU e DELUX ⛳",la960Us8FWQ,https://www.youtube.com/watch?v=la960Us8FWQ,20260606,
36,Just Rohn JR,ilMasseo,102,"12,2,8,8,14,5,1,3,5,4,8,14,4,2,5,2,3,2",18,"UNA CALDA GOLFATINA...CHE SAPPIAMO GIA' COME ANDRA' A FINIRE w/ROHN, DREAD, GABBO, MOLLU e DELUX ⛳",la960Us8FWQ,https://www.youtube.com/watch?v=la960Us8FWQ,20260606,
36,Just Rohn JR,GaBBo,116,"14,3,11,5,14,1,1,1,14,6,4,7,5,10,14,3,2,1",18,"UNA CALDA GOLFATINA...CHE SAPPIAMO GIA' COME ANDRA' A FINIRE w/ROHN, DREAD, GABBO, MOLLU e DELUX ⛳",la960Us8FWQ,https://www.youtube.com/watch?v=la960Us8FWQ,20260606,
37,oessaM,PAR,74,"4,3,5,4,3,4,4,5,4,4,5,3,5,4,5,3,4,5",18,"GOLFATINA SBUDELLANTE con Dread, Rohn, Gabbo e Delu",x9M1RflGCE4,https://www.youtube.com/watch?v=x9M1RflGCE4,20260608,
37,oessaM,nonsonodread,53,"4,2,1,3,1,6,3,4,3,3,3,2,1,6,3,2,1,5",18,"GOLFATINA SBUDELLANTE con Dread, Rohn, Gabbo e Delu",x9M1RflGCE4,https://www.youtube.com/watch?v=x9M1RflGCE4,20260608,
37,oessaM,Delux,58,"1,2,6,3,2,3,4,3,4,5,6,3,1,4,2,4,1,4",18,"GOLFATINA SBUDELLANTE con Dread, Rohn, Gabbo e Delu",x9M1RflGCE4,https://www.youtube.com/watch?v=x9M1RflGCE4,20260608,
37,oessaM,Mollu,62,"3,2,2,4,4,2,3,3,4,2,6,2,1,8,6,3,1,6",18,"GOLFATINA SBUDELLANTE con Dread, Rohn, Gabbo e Delu",x9M1RflGCE4,https://www.youtube.com/watch?v=x9M1RflGCE4,20260608,
37,oessaM,Just Rohn,66,"3,2,5,4,5,3,5,3,3,1,3,2,1,3,3,3,13,4",18,"GOLFATINA SBUDELLANTE con Dread, Rohn, Gabbo e Delu",x9M1RflGCE4,https://www.youtube.com/watch?v=x9M1RflGCE4,20260608,
37,oessaM,GaBBo,67,"3,3,11,6,5,2,5,4,3,2,4,3,1,2,5,4,1,3",18,"GOLFATINA SBUDELLANTE con Dread, Rohn, Gabbo e Delu",x9M1RflGCE4,https://www.youtube.com/watch?v=x9M1RflGCE4,20260608,
38,Around Dread,PAR,56,"4,3,3,4,5,5,3,4,4,3,2,4,3,3,3,3",16,GOLFATINA ESTIVA PER DIVERTIRCI FRA AMICI (non ci siamo divertiti),XWkrat_kXCw,https://www.youtube.com/watch?v=XWkrat_kXCw,20260610,
38,Around Dread,Just Rohn,44,"2,3,3,8,3,4,1,3,1,4,2,4,2,1,2,1",16,GOLFATINA ESTIVA PER DIVERTIRCI FRA AMICI (non ci siamo divertiti),XWkrat_kXCw,https://www.youtube.com/watch?v=XWkrat_kXCw,20260610,
38,Around Dread,GaBBo,45,"4,2,1,5,5,3,1,2,3,5,2,6,1,3,1,1",16,GOLFATINA ESTIVA PER DIVERTIRCI FRA AMICI (non ci siamo divertiti),XWkrat_kXCw,https://www.youtube.com/watch?v=XWkrat_kXCw,20260610,
38,Around Dread,Delux,50,"4,8,1,4,4,3,1,3,2,3,2,9,3,1,1,1",16,GOLFATINA ESTIVA PER DIVERTIRCI FRA AMICI (non ci siamo divertiti),XWkrat_kXCw,https://www.youtube.com/watch?v=XWkrat_kXCw,20260610,
38,Around Dread,nonsonodread,54,"2,2,1,2,4,4,2,5,16,3,3,4,2,1,2,1",16,GOLFATINA ESTIVA PER DIVERTIRCI FRA AMICI (non ci siamo divertiti),XWkrat_kXCw,https://www.youtube.com/watch?v=XWkrat_kXCw,20260610,
38,Around Dread,Mollu,56,"2,2,1,4,6,3,7,3,4,5,3,9,2,3,1,1",16,GOLFATINA ESTIVA PER DIVERTIRCI FRA AMICI (non ci siamo divertiti),XWkrat_kXCw,https://www.youtube.com/watch?v=XWkrat_kXCw,20260610,
39,Delux,PAR,51,"3,2,3,2,4,3,2,5,2,3,2,3,2,3,3,3,3,3",18,"QUESTA É LA GOLFATINA RISTORATIVA. con Delux, Dread, Gabbo, Rohn & Mollu",Hu7tK5NXzrU,https://www.youtube.com/watch?v=Hu7tK5NXzrU,20260611,
39,Delux,Just Rohn,38,"3,2,2,2,3,2,2,1,1,2,2,1,2,3,1,4,2,3",18,"QUESTA É LA GOLFATINA RISTORATIVA. con Delux, Dread, Gabbo, Rohn & Mollu",Hu7tK5NXzrU,https://www.youtube.com/watch?v=Hu7tK5NXzrU,20260611,
39,Delux,GaBBo,46,"4,2,2,2,6,2,1,5,2,2,3,2,1,5,1,2,2,2",18,"QUESTA É LA GOLFATINA RISTORATIVA. con Delux, Dread, Gabbo, Rohn & Mollu",Hu7tK5NXzrU,https://www.youtube.com/watch?v=Hu7tK5NXzrU,20260611,
39,Delux,nonsonodread,53,"3,4,3,2,4,2,2,14,1,5,2,2,1,2,1,2,2,1",18,"QUESTA É LA GOLFATINA RISTORATIVA. con Delux, Dread, Gabbo, Rohn & Mollu",Hu7tK5NXzrU,https://www.youtube.com/watch?v=Hu7tK5NXzrU,20260611,
40,Just Rohn JR,PAR,59,"3,2,2,3,3,4,3,3,4,4,4,2,3,3,3,4,5,4",18,"UNA FRESCA GOLFATINA TRA LE CASCATE...NON BASTA A TENERCI CALMI w/ROHN, DREAD, GABBO e DELUX ⛳",Msk6dgjsLLc,https://www.youtube.com/watch?v=Msk6dgjsLLc,20260612,
40,Just Rohn JR,Delux,64,"2,3,3,6,1,2,2,1,6,1,11,2,5,2,2,3,8,4",18,"UNA FRESCA GOLFATINA TRA LE CASCATE...NON BASTA A TENERCI CALMI w/ROHN, DREAD, GABBO e DELUX ⛳",Msk6dgjsLLc,https://www.youtube.com/watch?v=Msk6dgjsLLc,20260612,
40,Just Rohn JR,Just Rohn,70,"5,4,1,1,1,2,4,2,3,1,4,6,2,5,16,4,8,1",18,"UNA FRESCA GOLFATINA TRA LE CASCATE...NON BASTA A TENERCI CALMI w/ROHN, DREAD, GABBO e DELUX ⛳",Msk6dgjsLLc,https://www.youtube.com/watch?v=Msk6dgjsLLc,20260612,
40,Just Rohn JR,ilMasseo,72,"5,3,2,3,1,10,4,2,4,16,3,3,2,2,2,4,2,4",18,"UNA FRESCA GOLFATINA TRA LE CASCATE...NON BASTA A TENERCI CALMI w/ROHN, DREAD, GABBO e DELUX ⛳",Msk6dgjsLLc,https://www.youtube.com/watch?v=Msk6dgjsLLc,20260612,
40,Just Rohn JR,GaBBo,95,"4,2,4,4,1,3,3,1,5,16,6,9,4,3,7,7,9,7",18,"UNA FRESCA GOLFATINA TRA LE CASCATE...NON BASTA A TENERCI CALMI w/ROHN, DREAD, GABBO e DELUX ⛳",Msk6dgjsLLc,https://www.youtube.com/watch?v=Msk6dgjsLLc,20260612,
41,Delux,PAR,59,"3,2,2,3,3,4,3,3,4,4,4,2,3,3,3,4,5,4",18,"UNA GOLFATINA MOLTO EDUCATA. con Delux, Rohn, Gabbo & Masseo",wwmsp8CASPU,https://www.youtube.com/watch?v=wwmsp8CASPU,20260618,
41,Delux,Delux,64,"2,3,3,6,1,2,2,1,6,1,11,2,5,2,2,3,8,4",18,"UNA GOLFATINA MOLTO EDUCATA. con Delux, Rohn, Gabbo & Masseo",wwmsp8CASPU,https://www.youtube.com/watch?v=wwmsp8CASPU,20260618,
41,Delux,Just Rohn,70,"5,4,1,1,1,2,4,2,3,1,4,6,2,5,16,4,8,1",18,"UNA GOLFATINA MOLTO EDUCATA. con Delux, Rohn, Gabbo & Masseo",wwmsp8CASPU,https://www.youtube.com/watch?v=wwmsp8CASPU,20260618,
41,Delux,ilMasseo,72,"5,3,2,3,1,10,4,2,4,16,3,3,2,2,2,4,2,4",18,"UNA GOLFATINA MOLTO EDUCATA. con Delux, Rohn, Gabbo & Masseo",wwmsp8CASPU,https://www.youtube.com/watch?v=wwmsp8CASPU,20260618,
41,Delux,GaBBo,95,"4,2,4,4,1,3,3,1,5,16,6,9,4,3,7,7,9,7",18,"UNA GOLFATINA MOLTO EDUCATA. con Delux, Rohn, Gabbo & Masseo",wwmsp8CASPU,https://www.youtube.com/watch?v=wwmsp8CASPU,20260618,
42,Just Rohn JR,PAR,69,"2,2,2,3,4,2,5,4,5,4,5,4,4,4,3,5,5,6",18,"UNA GOLFATINA NEI CIELI...PASSATA A INSULTARE CHI CI ABITA w/ROHN, DREAD, GABBO, DELUX e il MASSEO ⛳",SjL8fdo25HY,https://www.youtube.com/watch?v=SjL8fdo25HY,20260619,
42,Just Rohn JR,Just Rohn,68,"1,2,1,2,4,1,6,3,7,5,5,4,2,7,2,5,6,5",18,"UNA GOLFATINA NEI CIELI...PASSATA A INSULTARE CHI CI ABITA w/ROHN, DREAD, GABBO, DELUX e il MASSEO ⛳",SjL8fdo25HY,https://www.youtube.com/watch?v=SjL8fdo25HY,20260619,
42,Just Rohn JR,Mollu,70,"2,1,1,2,5,1,6,5,6,4,5,6,2,6,2,4,5,7",18,"UNA GOLFATINA NEI CIELI...PASSATA A INSULTARE CHI CI ABITA w/ROHN, DREAD, GABBO, DELUX e il MASSEO ⛳",SjL8fdo25HY,https://www.youtube.com/watch?v=SjL8fdo25HY,20260619,
42,Just Rohn JR,nonsonodread,72,"2,3,1,4,4,1,5,4,5,3,6,6,2,3,3,5,9,6",18,"UNA GOLFATINA NEI CIELI...PASSATA A INSULTARE CHI CI ABITA w/ROHN, DREAD, GABBO, DELUX e il MASSEO ⛳",SjL8fdo25HY,https://www.youtube.com/watch?v=SjL8fdo25HY,20260619,
42,Just Rohn JR,Delux,83,"1,2,2,7,4,2,5,3,5,6,7,5,2,5,2,6,6,13",18,"UNA GOLFATINA NEI CIELI...PASSATA A INSULTARE CHI CI ABITA w/ROHN, DREAD, GABBO, DELUX e il MASSEO ⛳",SjL8fdo25HY,https://www.youtube.com/watch?v=SjL8fdo25HY,20260619,
42,Just Rohn JR,GaBBo,86,"2,1,3,4,3,1,5,6,6,3,6,5,11,5,2,7,6,10",18,"UNA GOLFATINA NEI CIELI...PASSATA A INSULTARE CHI CI ABITA w/ROHN, DREAD, GABBO, DELUX e il MASSEO ⛳",SjL8fdo25HY,https://www.youtube.com/watch?v=SjL8fdo25HY,20260619,
43,Around Dread,PAR,63,"3,4,3,5,4,5,4,3,4,3,5,6,3,2,2,3,2,2",18,"GOLFATINA DELIZIOSA con Dread, Rohn, Gabbo, Delux, Mollu",VOkBVCSZfPU,https://www.youtube.com/watch?v=VOkBVCSZfPU,20260620,
43,Around Dread,nonsonodread,59,"2,2,2,6,4,5,5,2,5,4,3,5,2,1,3,3,3,2",18,"GOLFATINA DELIZIOSA con Dread, Rohn, Gabbo, Delux, Mollu",VOkBVCSZfPU,https://www.youtube.com/watch?v=VOkBVCSZfPU,20260620,
43,Around Dread,Just Rohn,59,"2,3,2,6,3,5,5,3,5,4,3,5,2,2,2,3,2,2",18,"GOLFATINA DELIZIOSA con Dread, Rohn, Gabbo, Delux, Mollu",VOkBVCSZfPU,https://www.youtube.com/watch?v=VOkBVCSZfPU,20260620,
43,Around Dread,ilMasseo,59,"2,4,3,5,3,5,4,2,4,6,3,7,2,1,2,2,2,2",18,"GOLFATINA DELIZIOSA con Dread, Rohn, Gabbo, Delux, Mollu",VOkBVCSZfPU,https://www.youtube.com/watch?v=VOkBVCSZfPU,20260620,
43,Around Dread,GaBBo,64,"3,5,2,8,3,5,4,1,3,5,4,7,3,1,2,3,3,2",18,"GOLFATINA DELIZIOSA con Dread, Rohn, Gabbo, Delux, Mollu",VOkBVCSZfPU,https://www.youtube.com/watch?v=VOkBVCSZfPU,20260620,
43,Around Dread,Delux,68,"2,3,2,6,4,4,6,2,5,5,3,9,5,1,2,3,4,2",18,"GOLFATINA DELIZIOSA con Dread, Rohn, Gabbo, Delux, Mollu",VOkBVCSZfPU,https://www.youtube.com/watch?v=VOkBVCSZfPU,20260620,
44,oessaM,PAR,74,"2,3,4,4,4,4,5,4,4,4,4,5,4,5,4,4,5,5",18,"UNA GOLFATINA ZUCCHERATA🍭 con Dread, Rohn, Gabbo e Delu",GAJyP4Qc5Es,https://www.youtube.com/watch?v=GAJyP4Qc5Es,20260622,
44,oessaM,GaBBo,59,"2,2,3,2,4,3,3,4,1,2,2,6,3,5,3,3,3,8",18,"UNA GOLFATINA ZUCCHERATA🍭 con Dread, Rohn, Gabbo e Delu",GAJyP4Qc5Es,https://www.youtube.com/watch?v=GAJyP4Qc5Es,20260622,
44,oessaM,nonsonodread,61,"2,2,2,5,8,4,3,3,1,2,3,6,3,2,4,2,4,5",18,"UNA GOLFATINA ZUCCHERATA🍭 con Dread, Rohn, Gabbo e Delu",GAJyP4Qc5Es,https://www.youtube.com/watch?v=GAJyP4Qc5Es,20260622,
44,oessaM,Just Rohn,63,"2,1,4,5,3,3,4,2,1,3,4,1,6,3,4,4,4,9",18,"UNA GOLFATINA ZUCCHERATA🍭 con Dread, Rohn, Gabbo e Delu",GAJyP4Qc5Es,https://www.youtube.com/watch?v=GAJyP4Qc5Es,20260622,
44,oessaM,Delux,63,"2,4,2,3,4,6,2,4,1,3,2,5,2,2,6,4,7,4",18,"UNA GOLFATINA ZUCCHERATA🍭 con Dread, Rohn, Gabbo e Delu",GAJyP4Qc5Es,https://www.youtube.com/watch?v=GAJyP4Qc5Es,20260622,
44,oessaM,ilMasseo,64,"3,2,3,3,2,4,4,3,1,2,3,5,4,6,2,5,4,8",18,"UNA GOLFATINA ZUCCHERATA🍭 con Dread, Rohn, Gabbo e Delu",GAJyP4Qc5Es,https://www.youtube.com/watch?v=GAJyP4Qc5Es,20260622,
45,Just Rohn JR,PAR,90,"5,5,5,5,5,5,5,5,5,5,5,5,5,5,5,5,5,5",18,"UNA GOLFATINA RICCA DI SEGRETI E PAROLE BANNABILI w/ROHN, DREAD, GABBO, DELUX e il MASSEO ⛳",-FYK0fm5JjU,https://www.youtube.com/watch?v=-FYK0fm5JjU,20260626,
45,Just Rohn JR,Delux,53,"3,2,4,2,3,4,2,2,2,1,10,3,3,1,3,1,1,6",18,"UNA GOLFATINA RICCA DI SEGRETI E PAROLE BANNABILI w/ROHN, DREAD, GABBO, DELUX e il MASSEO ⛳",-FYK0fm5JjU,https://www.youtube.com/watch?v=-FYK0fm5JjU,20260626,
45,Just Rohn JR,nonsonodread,59,"3,3,3,3,3,3,3,6,1,2,5,2,4,1,5,3,1,8",18,"UNA GOLFATINA RICCA DI SEGRETI E PAROLE BANNABILI w/ROHN, DREAD, GABBO, DELUX e il MASSEO ⛳",-FYK0fm5JjU,https://www.youtube.com/watch?v=-FYK0fm5JjU,20260626,
45,Just Rohn JR,Just Rohn,62,"2,3,4,2,3,2,1,3,2,6,6,3,2,1,4,3,1,14",18,"UNA GOLFATINA RICCA DI SEGRETI E PAROLE BANNABILI w/ROHN, DREAD, GABBO, DELUX e il MASSEO ⛳",-FYK0fm5JjU,https://www.youtube.com/watch?v=-FYK0fm5JjU,20260626,
45,Just Rohn JR,GaBBo,69,"2,3,4,3,2,3,4,2,1,2,6,2,6,3,8,3,1,14",18,"UNA GOLFATINA RICCA DI SEGRETI E PAROLE BANNABILI w/ROHN, DREAD, GABBO, DELUX e il MASSEO ⛳",-FYK0fm5JjU,https://www.youtube.com/watch?v=-FYK0fm5JjU,20260626,
45,Just Rohn JR,ilMasseo,78,"1,2,4,3,3,5,1,6,1,1,9,2,5,1,8,11,1,14",18,"UNA GOLFATINA RICCA DI SEGRETI E PAROLE BANNABILI w/ROHN, DREAD, GABBO, DELUX e il MASSEO ⛳",-FYK0fm5JjU,https://www.youtube.com/watch?v=-FYK0fm5JjU,20260626,
46,ChapeGaming,PAR,53,"2,3,2,3,3,3,2,2,3,3,4,3,3,3,3,3,4,4",18,GOLFATA con DREAD GABBO DELUX e FAVA,FPop4CKfq9o,https://www.youtube.com/watch?v=FPop4CKfq9o,20260630,
46,ChapeGaming,Delux,42,"2,3,2,1,2,3,3,1,1,1,5,2,5,2,2,2,2,3",18,GOLFATA con DREAD GABBO DELUX e FAVA,FPop4CKfq9o,https://www.youtube.com/watch?v=FPop4CKfq9o,20260630,
46,ChapeGaming,nonsonodread,51,"3,1,2,2,2,3,3,4,2,3,6,4,2,3,2,3,2,4",18,GOLFATA con DREAD GABBO DELUX e FAVA,FPop4CKfq9o,https://www.youtube.com/watch?v=FPop4CKfq9o,20260630,
46,ChapeGaming,GaBBo,55,"3,3,3,2,3,3,3,2,2,2,2,6,3,4,3,1,5,5",18,GOLFATA con DREAD GABBO DELUX e FAVA,FPop4CKfq9o,https://www.youtube.com/watch?v=FPop4CKfq9o,20260630,
46,ChapeGaming,nbayungchape,59,"2,2,1,3,4,3,3,3,4,2,2,2,5,5,6,3,3,6",18,GOLFATA con DREAD GABBO DELUX e FAVA,FPop4CKfq9o,https://www.youtube.com/watch?v=FPop4CKfq9o,20260630,
47,Delux,PAR,56,"2,2,2,3,3,4,4,4,4,4,3,4,3,3,3,3,4,1",18,"LA GOLFATINA CHE PIACE A VOI! con Delux, Dread, Gabbo, Rohn & Mollu",dx51mfR2QP4,https://www.youtube.com/watch?v=dx51mfR2QP4,20260702,
47,Delux,Mollu,60,"2,2,2,1,1,8,6,5,3,3,1,3,3,3,3,12,2,0",18,"LA GOLFATINA CHE PIACE A VOI! con Delux, Dread, Gabbo, Rohn & Mollu",dx51mfR2QP4,https://www.youtube.com/watch?v=dx51mfR2QP4,20260702,
47,Delux,Delux,65,"2,2,2,1,1,7,4,3,3,4,3,3,1,5,9,11,4,0",18,"LA GOLFATINA CHE PIACE A VOI! con Delux, Dread, Gabbo, Rohn & Mollu",dx51mfR2QP4,https://www.youtube.com/watch?v=dx51mfR2QP4,20260702,
47,Delux,Just Rohn,69,"2,2,2,1,1,6,7,6,1,3,6,2,3,3,4,16,4,0",18,"LA GOLFATINA CHE PIACE A VOI! con Delux, Dread, Gabbo, Rohn & Mollu",dx51mfR2QP4,https://www.youtube.com/watch?v=dx51mfR2QP4,20260702,
47,Delux,nonsonodread,70,"3,1,3,1,2,6,5,6,5,3,3,4,8,5,5,7,3,0",18,"LA GOLFATINA CHE PIACE A VOI! con Delux, Dread, Gabbo, Rohn & Mollu",dx51mfR2QP4,https://www.youtube.com/watch?v=dx51mfR2QP4,20260702,
47,Delux,GaBBo,75,"3,2,4,1,2,10,3,4,3,5,3,3,7,4,4,12,5,0",18,"LA GOLFATINA CHE PIACE A VOI! con Delux, Dread, Gabbo, Rohn & Mollu",dx51mfR2QP4,https://www.youtube.com/watch?v=dx51mfR2QP4,20260702,
48,Just Rohn JR,PAR,59,"2,2,3,3,3,2,3,4,4,2,3,4,4,3,4,5,5,3",18,"GOLFATINA NEL CASTELLO! LA MAPPA PIU' BELLA DI SEMPRE?! w/ROHN, DREAD, GABBO, DELUX e il MASSEO ⛳",CS8kqLYXJZo,https://www.youtube.com/watch?v=CS8kqLYXJZo,20260703,
48,Just Rohn JR,Delux,35,"2,1,4,1,1,1,2,2,2,2,2,5,3,1,2,2,1,1",18,"GOLFATINA NEL CASTELLO! LA MAPPA PIU' BELLA DI SEMPRE?! w/ROHN, DREAD, GABBO, DELUX e il MASSEO ⛳",CS8kqLYXJZo,https://www.youtube.com/watch?v=CS8kqLYXJZo,20260703,
48,Just Rohn JR,ilMasseo,48,"4,2,4,2,1,1,4,4,3,2,4,2,4,2,2,1,2,4",18,"GOLFATINA NEL CASTELLO! LA MAPPA PIU' BELLA DI SEMPRE?! w/ROHN, DREAD, GABBO, DELUX e il MASSEO ⛳",CS8kqLYXJZo,https://www.youtube.com/watch?v=CS8kqLYXJZo,20260703,
48,Just Rohn JR,Just Rohn,54,"3,3,3,2,1,1,1,6,3,2,3,5,4,3,3,5,2,4",18,"GOLFATINA NEL CASTELLO! LA MAPPA PIU' BELLA DI SEMPRE?! w/ROHN, DREAD, GABBO, DELUX e il MASSEO ⛳",CS8kqLYXJZo,https://www.youtube.com/watch?v=CS8kqLYXJZo,20260703,
48,Just Rohn JR,nonsonodread,58,"2,2,14,1,4,2,2,2,2,2,1,2,5,2,1,4,3,7",18,"GOLFATINA NEL CASTELLO! LA MAPPA PIU' BELLA DI SEMPRE?! w/ROHN, DREAD, GABBO, DELUX e il MASSEO ⛳",CS8kqLYXJZo,https://www.youtube.com/watch?v=CS8kqLYXJZo,20260703,
48,Just Rohn JR,GaBBo,63,"2,4,3,2,3,1,4,3,2,2,2,7,3,3,3,2,3,14",18,"GOLFATINA NEL CASTELLO! LA MAPPA PIU' BELLA DI SEMPRE?! w/ROHN, DREAD, GABBO, DELUX e il MASSEO ⛳",CS8kqLYXJZo,https://www.youtube.com/watch?v=CS8kqLYXJZo,20260703,
49,GaBBoDSQ,PAR,71,"2,3,4,5,3,4,3,4,4,5,5,4,4,5,4,4,4,4",18,"SDROGO GOLFATINA CON DUE PAZZI SCATENATI ( speciali ) w/ Chape, Fava, Dread, Delux",pehCX9kJwbI,https://www.youtube.com/watch?v=pehCX9kJwbI,20260705,
49,GaBBoDSQ,nonsonodread,53,"2,3,2,4,3,3,2,2,2,4,1,3,2,2,4,4,5,5",18,"SDROGO GOLFATINA CON DUE PAZZI SCATENATI ( speciali ) w/ Chape, Fava, Dread, Delux",pehCX9kJwbI,https://www.youtube.com/watch?v=pehCX9kJwbI,20260705,
49,GaBBoDSQ,nbayungchape,62,"3,5,2,2,3,2,3,2,4,1,4,6,4,6,4,3,4,4",18,"SDROGO GOLFATINA CON DUE PAZZI SCATENATI ( speciali ) w/ Chape, Fava, Dread, Delux",pehCX9kJwbI,https://www.youtube.com/watch?v=pehCX9kJwbI,20260705,
49,GaBBoDSQ,GaBBo,62,"2,4,2,2,2,3,3,5,2,3,3,5,4,7,4,4,4,3",18,"SDROGO GOLFATINA CON DUE PAZZI SCATENATI ( speciali ) w/ Chape, Fava, Dread, Delux",pehCX9kJwbI,https://www.youtube.com/watch?v=pehCX9kJwbI,20260705,
49,GaBBoDSQ,Delux,71,"1,5,2,2,4,2,1,2,2,3,6,8,4,10,5,6,4,4",18,"SDROGO GOLFATINA CON DUE PAZZI SCATENATI ( speciali ) w/ Chape, Fava, Dread, Delux",pehCX9kJwbI,https://www.youtube.com/watch?v=pehCX9kJwbI,20260705,
50,oessaM,PAR,70,"2,2,2,2,3,3,4,5,4,6,5,3,4,3,5,5,5,7",18,"GOLFATINA SGARGIANTE: Gabbines TILTA DURO con Dread, Gabbo e Delux",jy7RzcCAIXg,https://www.youtube.com/watch?v=jy7RzcCAIXg,20260706,
50,oessaM,nonsonodread,78,"2,2,3,2,3,2,4,4,2,8,6,4,3,6,9,5,4,9",18,"GOLFATINA SGARGIANTE: Gabbines TILTA DURO con Dread, Gabbo e Delux",jy7RzcCAIXg,https://www.youtube.com/watch?v=jy7RzcCAIXg,20260706,
50,oessaM,ilMasseo,79,"1,3,2,3,5,2,6,4,3,8,4,3,5,3,9,6,6,6",18,"GOLFATINA SGARGIANTE: Gabbines TILTA DURO con Dread, Gabbo e Delux",jy7RzcCAIXg,https://www.youtube.com/watch?v=jy7RzcCAIXg,20260706,
50,oessaM,GaBBo,84,"1,1,2,2,4,4,3,4,2,7,5,3,7,3,6,9,14,7",18,"GOLFATINA SGARGIANTE: Gabbines TILTA DURO con Dread, Gabbo e Delux",jy7RzcCAIXg,https://www.youtube.com/watch?v=jy7RzcCAIXg,20260706,
50,oessaM,Delux,105,"1,2,2,2,3,5,3,4,9,14,6,4,8,2,9,11,8,12",18,"GOLFATINA SGARGIANTE: Gabbines TILTA DURO con Dread, Gabbo e Delux",jy7RzcCAIXg,https://www.youtube.com/watch?v=jy7RzcCAIXg,20260706,
51,Delux,PAR,54,"2,3,2,4,4,4,2,3,3,3,3,3,2,3,3,5,4,1",18,"UNA GOLFATINA CON LE COLLISIONI PER CHI NON SI OFFENDE. con Delux, Gubbio, Droid & JTaz",As94bosHv14,https://www.youtube.com/watch?v=As94bosHv14,20260707,
51,Delux,nonsonodread,64,"2,4,1,7,5,3,1,3,3,3,1,3,4,3,2,7,10,2",18,"UNA GOLFATINA CON LE COLLISIONI PER CHI NON SI OFFENDE. con Delux, Gubbio, Droid & JTaz",As94bosHv14,https://www.youtube.com/watch?v=As94bosHv14,20260707,
51,Delux,JTaz,69,"1,4,3,6,4,4,1,3,3,5,5,4,3,3,3,7,9,1",18,"UNA GOLFATINA CON LE COLLISIONI PER CHI NON SI OFFENDE. con Delux, Gubbio, Droid & JTaz",As94bosHv14,https://www.youtube.com/watch?v=As94bosHv14,20260707,
51,Delux,Delux,99,"2,12,1,5,4,7,4,6,5,9,3,3,3,5,4,9,16,1",18,"UNA GOLFATINA CON LE COLLISIONI PER CHI NON SI OFFENDE. con Delux, Gubbio, Droid & JTaz",As94bosHv14,https://www.youtube.com/watch?v=As94bosHv14,20260707,
51,Delux,GaBBo,122,"2,11,2,7,6,6,5,11,8,10,4,6,7,6,7,8,15,1",18,"UNA GOLFATINA CON LE COLLISIONI PER CHI NON SI OFFENDE. con Delux, Gubbio, Droid & JTaz",As94bosHv14,https://www.youtube.com/watch?v=As94bosHv14,20260707,
52,Just Rohn JR,PAR,75,"3,4,4,5,3,5,4,3,4,5,5,3,3,3,5,4,5,7",18,"L'ULTIMA GOLFATINA...CON GLI OCCHIALI?! GIOCHIAMO SENZA AGITARCI con ROHN, DREAD, DELUX e JTAZ ⛳",iHz3SBcySM8,https://www.youtube.com/watch?v=iHz3SBcySM8,20260710,
52,Just Rohn JR,Delux,70,"3,4,2,4,1,3,5,4,4,8,10,2,2,3,4,2,4,5",18,"L'ULTIMA GOLFATINA...CON GLI OCCHIALI?! GIOCHIAMO SENZA AGITARCI con ROHN, DREAD, DELUX e JTAZ ⛳",iHz3SBcySM8,https://www.youtube.com/watch?v=iHz3SBcySM8,20260710,
52,Just Rohn JR,Just Rohn,74,"3,3,3,5,4,5,4,3,5,6,5,2,3,2,5,5,6,5",18,"L'ULTIMA GOLFATINA...CON GLI OCCHIALI?! GIOCHIAMO SENZA AGITARCI con ROHN, DREAD, DELUX e JTAZ ⛳",iHz3SBcySM8,https://www.youtube.com/watch?v=iHz3SBcySM8,20260710,
52,Just Rohn JR,JTaz,93,"5,7,5,5,4,2,4,3,5,3,7,3,2,3,5,14,2,14",18,"L'ULTIMA GOLFATINA...CON GLI OCCHIALI?! GIOCHIAMO SENZA AGITARCI con ROHN, DREAD, DELUX e JTAZ ⛳",iHz3SBcySM8,https://www.youtube.com/watch?v=iHz3SBcySM8,20260710,
52,Just Rohn JR,nonsonodread,96,"3,5,2,7,9,4,3,4,4,11,6,2,2,4,4,4,14,8",18,"L'ULTIMA GOLFATINA...CON GLI OCCHIALI?! GIOCHIAMO SENZA AGITARCI con ROHN, DREAD, DELUX e JTAZ ⛳",iHz3SBcySM8,https://www.youtube.com/watch?v=iHz3SBcySM8,20260710,
53,Around Dread,PAR,68,"3,4,3,3,3,5,3,3,3,4,4,4,4,3,5,5,4,5",18,"LA GOLFATINA PIÙ DIFFICILE DI SEMPRE con Dread, Rohn, Masseo, Delux, Jimmy",hJpkPpCW4xI,https://www.youtube.com/watch?v=hJpkPpCW4xI,20260711,
53,Around Dread,nonsonodread,106,"2,3,4,5,10,8,4,2,1,3,4,5,6,8,16,10,6,9",18,"LA GOLFATINA PIÙ DIFFICILE DI SEMPRE con Dread, Rohn, Masseo, Delux, Jimmy",hJpkPpCW4xI,https://www.youtube.com/watch?v=hJpkPpCW4xI,20260711,
53,Around Dread,Just Rohn,115,"2,3,4,7,1,16,4,1,1,3,5,5,12,4,10,16,5,16",18,"LA GOLFATINA PIÙ DIFFICILE DI SEMPRE con Dread, Rohn, Masseo, Delux, Jimmy",hJpkPpCW4xI,https://www.youtube.com/watch?v=hJpkPpCW4xI,20260711,
53,Around Dread,Delux,124,"1,3,7,3,5,9,5,2,2,2,5,11,8,6,16,11,16,12",18,"LA GOLFATINA PIÙ DIFFICILE DI SEMPRE con Dread, Rohn, Masseo, Delux, Jimmy",hJpkPpCW4xI,https://www.youtube.com/watch?v=hJpkPpCW4xI,20260711,
53,Around Dread,ilMasseo,131,"2,3,4,4,5,13,4,3,1,3,10,4,6,16,16,8,13,16",18,"LA GOLFATINA PIÙ DIFFICILE DI SEMPRE con Dread, Rohn, Masseo, Delux, Jimmy",hJpkPpCW4xI,https://www.youtube.com/watch?v=hJpkPpCW4xI,20260711,
53,Around Dread,JTaz,138,"3,9,5,5,5,10,5,1,1,5,5,5,4,16,16,16,11,16",18,"LA GOLFATINA PIÙ DIFFICILE DI SEMPRE con Dread, Rohn, Masseo, Delux, Jimmy",hJpkPpCW4xI,https://www.youtube.com/watch?v=hJpkPpCW4xI,20260711,
54,JTaz Extra,PAR,67,"3,4,3,3,4,4,4,3,4,5,3,4,4,4,3,4,5,3",18,"GOLFATINA a BLOCCHI di MINECRAFT (sono una pippa) ⛳️ con DREAD, DELUX, GABBO, JTAZ",lwXehBrxT98,https://www.youtube.com/watch?v=lwXehBrxT98,20260713,
54,JTaz Extra,Delux,58,"3,3,4,4,5,3,3,2,4,2,2,2,4,5,2,3,3,4",18,"GOLFATINA a BLOCCHI di MINECRAFT (sono una pippa) ⛳️ con DREAD, DELUX, GABBO, JTAZ",lwXehBrxT98,https://www.youtube.com/watch?v=lwXehBrxT98,20260713,
54,JTaz Extra,nonsonodread,61,"2,3,3,2,1,3,3,3,3,6,3,3,4,11,2,4,1,4",18,"GOLFATINA a BLOCCHI di MINECRAFT (sono una pippa) ⛳️ con DREAD, DELUX, GABBO, JTAZ",lwXehBrxT98,https://www.youtube.com/watch?v=lwXehBrxT98,20260713,
54,JTaz Extra,GaBBo,66,"3,3,6,3,4,3,5,2,3,7,3,7,3,2,3,3,4,2",18,"GOLFATINA a BLOCCHI di MINECRAFT (sono una pippa) ⛳️ con DREAD, DELUX, GABBO, JTAZ",lwXehBrxT98,https://www.youtube.com/watch?v=lwXehBrxT98,20260713,
54,JTaz Extra,JTaz,75,"4,8,4,5,9,4,4,4,3,3,3,4,1,2,4,2,5,6",18,"GOLFATINA a BLOCCHI di MINECRAFT (sono una pippa) ⛳️ con DREAD, DELUX, GABBO, JTAZ",lwXehBrxT98,https://www.youtube.com/watch?v=lwXehBrxT98,20260713,
55,Delux,PAR,78,"4,3,3,3,4,3,4,3,5,7,7,4,3,3,3,6,4,9",18,"UNA GOLFATINA TRA IPERVEDENTI. con Delux, Gabbo, Dread, JTaz e JustFinalmentecivedoRohn",ZSNlke35wvY,https://www.youtube.com/watch?v=ZSNlke35wvY,20260716,
55,Delux,Delux,80,"8,1,2,1,4,2,2,2,7,9,11,4,3,1,1,5,1,16",18,"UNA GOLFATINA TRA IPERVEDENTI. con Delux, Gabbo, Dread, JTaz e JustFinalmentecivedoRohn",ZSNlke35wvY,https://www.youtube.com/watch?v=ZSNlke35wvY,20260716,
55,Delux,Just Rohn,80,"8,1,2,1,3,2,4,3,5,9,8,4,1,2,1,6,7,13",18,"UNA GOLFATINA TRA IPERVEDENTI. con Delux, Gabbo, Dread, JTaz e JustFinalmentecivedoRohn",ZSNlke35wvY,https://www.youtube.com/watch?v=ZSNlke35wvY,20260716,
55,Delux,nonsonodread,96,"4,1,5,2,3,4,2,4,7,16,6,9,2,1,2,7,5,16",18,"UNA GOLFATINA TRA IPERVEDENTI. con Delux, Gabbo, Dread, JTaz e JustFinalmentecivedoRohn",ZSNlke35wvY,https://www.youtube.com/watch?v=ZSNlke35wvY,20260716,
55,Delux,JTaz,100,"6,3,1,3,4,2,2,3,9,9,14,10,2,4,1,8,3,16",18,"UNA GOLFATINA TRA IPERVEDENTI. con Delux, Gabbo, Dread, JTaz e JustFinalmentecivedoRohn",ZSNlke35wvY,https://www.youtube.com/watch?v=ZSNlke35wvY,20260716,
55,Delux,GaBBo,124,"8,1,3,3,7,2,9,2,13,16,9,12,4,1,3,4,11,16",18,"UNA GOLFATINA TRA IPERVEDENTI. con Delux, Gabbo, Dread, JTaz e JustFinalmentecivedoRohn",ZSNlke35wvY,https://www.youtube.com/watch?v=ZSNlke35wvY,20260716,
56,Just Rohn JR,PAR,54,"3,3,3,3,3,3,3,3,3,3,3,3,3,3,3,3,3,3",18,"LA MIA PRIMA GOLFATINA SENZA OCCHIALI...E' STATA UN DISASTRO! w/ROHN, DREAD, GABBO, DELUX e JTAZ ⛳",Utm999peUYg,https://www.youtube.com/watch?v=Utm999peUYg,20260717,
56,Just Rohn JR,Delux,60,"4,5,2,2,6,3,2,5,2,6,3,2,3,5,2,3,2,3",18,"LA MIA PRIMA GOLFATINA SENZA OCCHIALI...E' STATA UN DISASTRO! w/ROHN, DREAD, GABBO, DELUX e JTAZ ⛳",Utm999peUYg,https://www.youtube.com/watch?v=Utm999peUYg,20260717,
56,Just Rohn JR,GaBBo,64,"14,7,2,4,4,2,3,5,2,4,1,2,3,5,3,1,1,1",18,"LA MIA PRIMA GOLFATINA SENZA OCCHIALI...E' STATA UN DISASTRO! w/ROHN, DREAD, GABBO, DELUX e JTAZ ⛳",Utm999peUYg,https://www.youtube.com/watch?v=Utm999peUYg,20260717,
56,Just Rohn JR,nonsonodread,65,"11,4,3,5,2,5,3,7,2,1,4,2,4,1,2,3,3,3",18,"LA MIA PRIMA GOLFATINA SENZA OCCHIALI...E' STATA UN DISASTRO! w/ROHN, DREAD, GABBO, DELUX e JTAZ ⛳",Utm999peUYg,https://www.youtube.com/watch?v=Utm999peUYg,20260717,
56,Just Rohn JR,Just Rohn,70,"14,3,3,3,3,3,4,1,5,4,3,2,6,5,2,3,2,4",18,"LA MIA PRIMA GOLFATINA SENZA OCCHIALI...E' STATA UN DISASTRO! w/ROHN, DREAD, GABBO, DELUX e JTAZ ⛳",Utm999peUYg,https://www.youtube.com/watch?v=Utm999peUYg,20260717,
56,Just Rohn JR,JTaz,79,"14,6,2,4,2,1,2,5,5,1,5,2,4,8,2,3,8,5",18,"LA MIA PRIMA GOLFATINA SENZA OCCHIALI...E' STATA UN DISASTRO! w/ROHN, DREAD, GABBO, DELUX e JTAZ ⛳",Utm999peUYg,https://www.youtube.com/watch?v=Utm999peUYg,20260717,
57,Delux,PAR,72,"2,2,3,3,3,4,4,4,6,4,4,5,4,5,6,4,5,4",18,LA GOLFATINA SETTIMANALE DEL CRISTO con Dolbex Dredonicogrobert GorbioBarsbertaland Masbrecot & Molu,uNAW22mWuuw,https://www.youtube.com/watch?v=uNAW22mWuuw,20260723,
57,Delux,Delux,61,"2,1,6,2,3,3,4,2,5,2,1,6,4,5,4,3,5,3",18,LA GOLFATINA SETTIMANALE DEL CRISTO con Dolbex Dredonicogrobert GorbioBarsbertaland Masbrecot & Molu,uNAW22mWuuw,https://www.youtube.com/watch?v=uNAW22mWuuw,20260723,
57,Delux,ilMasseo,65,"3,1,3,3,4,6,4,4,3,5,3,5,4,2,5,5,4,1",18,LA GOLFATINA SETTIMANALE DEL CRISTO con Dolbex Dredonicogrobert GorbioBarsbertaland Masbrecot & Molu,uNAW22mWuuw,https://www.youtube.com/watch?v=uNAW22mWuuw,20260723,
57,Delux,nonsonodread,66,"2,2,5,3,3,3,2,4,2,5,6,4,5,4,5,3,4,4",18,LA GOLFATINA SETTIMANALE DEL CRISTO con Dolbex Dredonicogrobert GorbioBarsbertaland Masbrecot & Molu,uNAW22mWuuw,https://www.youtube.com/watch?v=uNAW22mWuuw,20260723,
57,Delux,GaBBo,74,"1,2,4,3,2,4,5,6,3,3,3,11,5,2,4,3,5,8",18,LA GOLFATINA SETTIMANALE DEL CRISTO con Dolbex Dredonicogrobert GorbioBarsbertaland Masbrecot & Molu,uNAW22mWuuw,https://www.youtube.com/watch?v=uNAW22mWuuw,20260723,
57,Delux,Mollu,77,"2,1,4,2,4,3,4,4,4,3,4,5,4,4,11,7,5,6",18,LA GOLFATINA SETTIMANALE DEL CRISTO con Dolbex Dredonicogrobert GorbioBarsbertaland Masbrecot & Molu,uNAW22mWuuw,https://www.youtube.com/watch?v=uNAW22mWuuw,20260723,
58,GaBBoDSQ,PAR,42,"2,2,2,2,3,2,3,3,3,2,2,2,3,4,3,4",16,LA GOLFATINA DELLA REDENZIONE DI JUST ROHN ( ancora orbo ),6Gg12l2y3G4,https://www.youtube.com/watch?v=6Gg12l2y3G4,20260724,
58,GaBBoDSQ,Delux,62,"3,5,3,4,4,3,8,4,4,5,2,2,8,1,4,2",16,LA GOLFATINA DELLA REDENZIONE DI JUST ROHN ( ancora orbo ),6Gg12l2y3G4,https://www.youtube.com/watch?v=6Gg12l2y3G4,20260724,
58,GaBBoDSQ,nonsonodread,70,"11,1,5,4,4,3,5,6,5,3,1,3,8,2,7,2",16,LA GOLFATINA DELLA REDENZIONE DI JUST ROHN ( ancora orbo ),6Gg12l2y3G4,https://www.youtube.com/watch?v=6Gg12l2y3G4,20260724,
58,GaBBoDSQ,GaBBo,80,"6,3,4,5,5,5,8,4,4,6,2,6,7,7,4,4",16,LA GOLFATINA DELLA REDENZIONE DI JUST ROHN ( ancora orbo ),6Gg12l2y3G4,https://www.youtube.com/watch?v=6Gg12l2y3G4,20260724,
58,GaBBoDSQ,Just Rohn,83,"14,1,3,6,4,3,6,5,4,3,2,6,14,6,3,3",16,LA GOLFATINA DELLA REDENZIONE DI JUST ROHN ( ancora orbo ),6Gg12l2y3G4,https://www.youtube.com/watch?v=6Gg12l2y3G4,20260724,
58,GaBBoDSQ,JTaz,90,"5,2,7,5,6,4,8,6,14,3,3,5,14,3,3,2",16,LA GOLFATINA DELLA REDENZIONE DI JUST ROHN ( ancora orbo ),6Gg12l2y3G4,https://www.youtube.com/watch?v=6Gg12l2y3G4,20260724,
59,Around Dread,PAR,64,"3,3,3,3,4,3,3,3,3,3,4,3,4,6,4,4,4,4",18,"GOLFATINA DIVERTENTISSIMA con Dread, Rohn, Masseo, Delux",PXNSIH3FsTE,https://www.youtube.com/watch?v=PXNSIH3FsTE,20260725,
59,Around Dread,nonsonodread,57,"2,1,2,2,4,3,5,3,3,3,2,3,3,6,3,5,4,3",18,"GOLFATINA DIVERTENTISSIMA con Dread, Rohn, Masseo, Delux",PXNSIH3FsTE,https://www.youtube.com/watch?v=PXNSIH3FsTE,20260725,
59,Around Dread,Just Rohn,62,"2,1,2,4,2,3,2,2,1,2,4,2,4,7,2,9,8,5",18,"GOLFATINA DIVERTENTISSIMA con Dread, Rohn, Masseo, Delux",PXNSIH3FsTE,https://www.youtube.com/watch?v=PXNSIH3FsTE,20260725,
59,Around Dread,Delux,62,"1,1,2,7,3,2,6,1,3,2,4,2,5,7,5,2,6,3",18,"GOLFATINA DIVERTENTISSIMA con Dread, Rohn, Masseo, Delux",PXNSIH3FsTE,https://www.youtube.com/watch?v=PXNSIH3FsTE,20260725,
59,Around Dread,ilMasseo,64,"3,1,3,2,5,1,2,3,1,2,2,5,4,4,8,6,7,5",18,"GOLFATINA DIVERTENTISSIMA con Dread, Rohn, Masseo, Delux",PXNSIH3FsTE,https://www.youtube.com/watch?v=PXNSIH3FsTE,20260725,
60,oessaM,PAR,72,"4,8,2,3,2,4,4,4,3,7,6,3,6,5,5,1,4,1",18,"GOLFATINA TUMULTO DI RABBIA︱con Dread, Gabbo, Mollu e Delu",x73ua8AMuTc,https://www.youtube.com/watch?v=x73ua8AMuTc,20260727,
60,oessaM,Delux,70,"5,1,4,5,1,1,5,2,1,7,3,6,1,14,4,4,6,0",18,"GOLFATINA TUMULTO DI RABBIA︱con Dread, Gabbo, Mollu e Delu",x73ua8AMuTc,https://www.youtube.com/watch?v=x73ua8AMuTc,20260727,
60,oessaM,Mollu,85,"7,2,1,4,7,1,4,3,4,5,7,10,1,7,14,6,2,0",18,"GOLFATINA TUMULTO DI RABBIA︱con Dread, Gabbo, Mollu e Delu",x73ua8AMuTc,https://www.youtube.com/watch?v=x73ua8AMuTc,20260727,
60,oessaM,GaBBo,106,"6,1,9,2,2,1,3,3,3,1,14,14,2,14,14,9,8,0",18,"GOLFATINA TUMULTO DI RABBIA︱con Dread, Gabbo, Mollu e Delu",x73ua8AMuTc,https://www.youtube.com/watch?v=x73ua8AMuTc,20260727,
60,oessaM,ilMasseo,110,"9,1,9,5,1,3,5,3,5,4,14,4,2,14,11,6,14,0",18,"GOLFATINA TUMULTO DI RABBIA︱con Dread, Gabbo, Mollu e Delu",x73ua8AMuTc,https://www.youtube.com/watch?v=x73ua8AMuTc,20260727,
60,oessaM,nonsonodread,110,"14,6,14,5,6,1,2,4,2,3,7,12,1,9,11,9,4,0",18,"GOLFATINA TUMULTO DI RABBIA︱con Dread, Gabbo, Mollu e Delu",x73ua8AMuTc,https://www.youtube.com/watch?v=x73ua8AMuTc,20260727,
61,GaBBoDSQ,PAR,75,"2,3,3,3,4,3,5,4,5,3,2,3,2,5,3,8,7,10",18,SDROGO GOLFATINA FARAONICA ESPLOSIVA 💣💥,JNd8kXdBYGM,https://www.youtube.com/watch?v=JNd8kXdBYGM,20260729,
61,GaBBoDSQ,Mollu,84,"2,2,1,3,4,6,5,3,2,4,2,1,5,8,1,9,12,14",18,SDROGO GOLFATINA FARAONICA ESPLOSIVA 💣💥,JNd8kXdBYGM,https://www.youtube.com/watch?v=JNd8kXdBYGM,20260729,
61,GaBBoDSQ,Just Rohn,86,"1,1,1,2,4,3,7,4,6,8,2,7,4,8,2,6,6,14",18,SDROGO GOLFATINA FARAONICA ESPLOSIVA 💣💥,JNd8kXdBYGM,https://www.youtube.com/watch?v=JNd8kXdBYGM,20260729,
61,GaBBoDSQ,nonsonodread,90,"2,1,8,2,1,3,2,6,5,10,2,5,3,6,1,8,11,14",18,SDROGO GOLFATINA FARAONICA ESPLOSIVA 💣💥,JNd8kXdBYGM,https://www.youtube.com/watch?v=JNd8kXdBYGM,20260729,
61,GaBBoDSQ,Delux,91,"2,1,1,3,5,8,4,5,3,8,2,5,3,4,3,6,14,14",18,SDROGO GOLFATINA FARAONICA ESPLOSIVA 💣💥,JNd8kXdBYGM,https://www.youtube.com/watch?v=JNd8kXdBYGM,20260729,
61,GaBBoDSQ,ilMasseo,101,"2,2,2,3,1,6,5,9,6,8,2,1,3,14,1,8,14,14",18,SDROGO GOLFATINA FARAONICA ESPLOSIVA 💣💥,JNd8kXdBYGM,https://www.youtube.com/watch?v=JNd8kXdBYGM,20260729,
61,GaBBoDSQ,GaBBo,108,"3,3,7,3,5,4,7,8,11,4,3,3,4,6,7,10,10,10",18,SDROGO GOLFATINA FARAONICA ESPLOSIVA 💣💥,JNd8kXdBYGM,https://www.youtube.com/watch?v=JNd8kXdBYGM,20260729,
62,Just Rohn JR,PAR,73,"2,1,3,3,2,6,4,3,5,6,4,6,3,2,5,8,3,7",18,"LA GOLFATINA NELLA CAVERNA...FINISCE IN TRAGEDIA! w/ROHN, DREAD, GABBO, DELUX, MOLLU e IL MASSEO ⛳",3BTlussfTgQ,https://www.youtube.com/watch?v=3BTlussfTgQ,20260731,
62,Just Rohn JR,nonsonodread,66,"3,1,3,2,2,7,3,2,6,5,4,5,1,2,7,4,2,7",18,"LA GOLFATINA NELLA CAVERNA...FINISCE IN TRAGEDIA! w/ROHN, DREAD, GABBO, DELUX, MOLLU e IL MASSEO ⛳",3BTlussfTgQ,https://www.youtube.com/watch?v=3BTlussfTgQ,20260731,
62,Just Rohn JR,Mollu,67,"2,2,3,4,2,7,4,3,3,3,2,5,1,4,6,8,2,6",18,"LA GOLFATINA NELLA CAVERNA...FINISCE IN TRAGEDIA! w/ROHN, DREAD, GABBO, DELUX, MOLLU e IL MASSEO ⛳",3BTlussfTgQ,https://www.youtube.com/watch?v=3BTlussfTgQ,20260731,
62,Just Rohn JR,Delux,67,"1,1,3,2,5,6,3,3,3,14,3,3,1,3,8,2,2,4",18,"LA GOLFATINA NELLA CAVERNA...FINISCE IN TRAGEDIA! w/ROHN, DREAD, GABBO, DELUX, MOLLU e IL MASSEO ⛳",3BTlussfTgQ,https://www.youtube.com/watch?v=3BTlussfTgQ,20260731,
62,Just Rohn JR,Just Rohn,86,"2,1,3,2,1,3,4,2,9,7,4,5,4,14,2,6,3,14",18,"LA GOLFATINA NELLA CAVERNA...FINISCE IN TRAGEDIA! w/ROHN, DREAD, GABBO, DELUX, MOLLU e IL MASSEO ⛳",3BTlussfTgQ,https://www.youtube.com/watch?v=3BTlussfTgQ,20260731,
62,Just Rohn JR,ilMasseo,87,"3,2,3,6,2,14,3,3,5,5,4,5,1,9,4,8,3,7",18,"LA GOLFATINA NELLA CAVERNA...FINISCE IN TRAGEDIA! w/ROHN, DREAD, GABBO, DELUX, MOLLU e IL MASSEO ⛳",3BTlussfTgQ,https://www.youtube.com/watch?v=3BTlussfTgQ,20260731,
62,Just Rohn JR,GaBBo,90,"3,1,2,1,2,6,3,2,3,14,3,7,1,14,5,5,4,14",18,"LA GOLFATINA NELLA CAVERNA...FINISCE IN TRAGEDIA! w/ROHN, DREAD, GABBO, DELUX, MOLLU e IL MASSEO ⛳",3BTlussfTgQ,https://www.youtube.com/watch?v=3BTlussfTgQ,20260731,
63,Around Dread,PAR,72,"2,3,4,4,3,4,4,4,3,5,5,4,4,6,4,4,5,4",18,"LA MEGA GOLFATA DEGLI DEI (ilmasseo ha fatto arrabbiare Zeus) con Dread, Gabbo, Mollu, Delux, Masseo",HQalUVkaCS8,https://www.youtube.com/watch?v=HQalUVkaCS8,20260808,
63,Around Dread,nonsonodread,62,"2,5,3,3,3,4,3,3,2,6,3,3,4,4,5,4,3,2",18,"LA MEGA GOLFATA DEGLI DEI (ilmasseo ha fatto arrabbiare Zeus) con Dread, Gabbo, Mollu, Delux, Masseo",HQalUVkaCS8,https://www.youtube.com/watch?v=HQalUVkaCS8,20260808,
63,Around Dread,Delux,79,"2,2,3,4,1,3,4,3,2,5,5,5,3,6,5,7,3,16",18,"LA MEGA GOLFATA DEGLI DEI (ilmasseo ha fatto arrabbiare Zeus) con Dread, Gabbo, Mollu, Delux, Masseo",HQalUVkaCS8,https://www.youtube.com/watch?v=HQalUVkaCS8,20260808,
63,Around Dread,ilMasseo,81,"2,5,4,2,3,3,6,4,3,5,4,1,5,6,4,5,3,16",18,"LA MEGA GOLFATA DEGLI DEI (ilmasseo ha fatto arrabbiare Zeus) con Dread, Gabbo, Mollu, Delux, Masseo",HQalUVkaCS8,https://www.youtube.com/watch?v=HQalUVkaCS8,20260808,
63,Around Dread,Mollu,84,"2,3,3,2,3,4,6,3,2,6,5,7,2,5,3,5,7,16",18,"LA MEGA GOLFATA DEGLI DEI (ilmasseo ha fatto arrabbiare Zeus) con Dread, Gabbo, Mollu, Delux, Masseo",HQalUVkaCS8,https://www.youtube.com/watch?v=HQalUVkaCS8,20260808,
63,Around Dread,GaBBo,84,"2,3,2,4,3,4,4,3,5,7,4,4,4,7,3,16,5,4",18,"LA MEGA GOLFATA DEGLI DEI (ilmasseo ha fatto arrabbiare Zeus) con Dread, Gabbo, Mollu, Delux, Masseo",HQalUVkaCS8,https://www.youtube.com/watch?v=HQalUVkaCS8,20260808,
64,GaBBoDSQ,PAR,61,"2,3,4,4,3,4,5,3,3,3,3,3,4,4,3,3,4,3",18,SDROGO GOLFATINA ALLA RICERCA DEL PROGETTO GABBINESS,-VpgGrDbnx0,https://www.youtube.com/watch?v=-VpgGrDbnx0,20260809,
64,GaBBoDSQ,Delux,49,"2,2,1,1,4,2,4,2,3,2,1,1,3,9,2,3,3,4",18,SDROGO GOLFATINA ALLA RICERCA DEL PROGETTO GABBINESS,-VpgGrDbnx0,https://www.youtube.com/watch?v=-VpgGrDbnx0,20260809,
64,GaBBoDSQ,Mollu,61,"1,4,1,1,3,4,2,1,5,1,1,5,4,2,4,14,2,6",18,SDROGO GOLFATINA ALLA RICERCA DEL PROGETTO GABBINESS,-VpgGrDbnx0,https://www.youtube.com/watch?v=-VpgGrDbnx0,20260809,
64,GaBBoDSQ,Just Rohn,64,"1,1,4,1,2,4,2,1,1,3,1,9,4,14,3,9,1,3",18,SDROGO GOLFATINA ALLA RICERCA DEL PROGETTO GABBINESS,-VpgGrDbnx0,https://www.youtube.com/watch?v=-VpgGrDbnx0,20260809,
64,GaBBoDSQ,GaBBo,71,"2,1,1,1,3,5,2,1,4,6,1,2,4,10,2,14,2,10",18,SDROGO GOLFATINA ALLA RICERCA DEL PROGETTO GABBINESS,-VpgGrDbnx0,https://www.youtube.com/watch?v=-VpgGrDbnx0,20260809,
64,GaBBoDSQ,nonsonodread,78,"2,3,1,2,6,3,1,1,5,3,1,14,4,14,1,14,1,2",18,SDROGO GOLFATINA ALLA RICERCA DEL PROGETTO GABBINESS,-VpgGrDbnx0,https://www.youtube.com/watch?v=-VpgGrDbnx0,20260809,
65,Just Rohn JR,PAR,48,"2,2,2,2,2,3,3,3,3,2,3,3,3,2,4,3,3,3",18,"LA GOLFATINA DELLA VERGOGNA! w/ROHN, DREAD, GABBO, DELUX e MOLLU ⛳",K7ObaKsIbM0,https://www.youtube.com/watch?v=K7ObaKsIbM0,20260811,
65,Just Rohn JR,Just Rohn,42,"2,4,3,2,1,3,1,4,2,1,1,1,2,1,7,1,3,3",18,"LA GOLFATINA DELLA VERGOGNA! w/ROHN, DREAD, GABBO, DELUX e MOLLU ⛳",K7ObaKsIbM0,https://www.youtube.com/watch?v=K7ObaKsIbM0,20260811,
65,Just Rohn JR,Mollu,55,"1,2,2,1,1,5,1,6,3,1,2,4,8,2,11,1,3,1",18,"LA GOLFATINA DELLA VERGOGNA! w/ROHN, DREAD, GABBO, DELUX e MOLLU ⛳",K7ObaKsIbM0,https://www.youtube.com/watch?v=K7ObaKsIbM0,20260811,
65,Just Rohn JR,nonsonodread,56,"1,4,3,2,1,3,5,4,2,2,5,2,6,3,7,2,3,1",18,"LA GOLFATINA DELLA VERGOGNA! w/ROHN, DREAD, GABBO, DELUX e MOLLU ⛳",K7ObaKsIbM0,https://www.youtube.com/watch?v=K7ObaKsIbM0,20260811,
65,Just Rohn JR,GaBBo,58,"1,6,4,2,1,4,4,3,3,2,1,5,6,2,7,1,3,3",18,"LA GOLFATINA DELLA VERGOGNA! w/ROHN, DREAD, GABBO, DELUX e MOLLU ⛳",K7ObaKsIbM0,https://www.youtube.com/watch?v=K7ObaKsIbM0,20260811,
65,Just Rohn JR,Delux,62,"2,7,9,3,1,3,3,5,2,1,2,1,5,3,9,1,4,1",18,"LA GOLFATINA DELLA VERGOGNA! w/ROHN, DREAD, GABBO, DELUX e MOLLU ⛳",K7ObaKsIbM0,https://www.youtube.com/watch?v=K7ObaKsIbM0,20260811,
66,Mollu,PAR,55,"2,3,3,3,4,3,3,4,2,3,3,4,3,2,2,5,3,3",18,LA MIA PRIMISSIMA GOLFATINA con Delux Rohn Gabbo e Jtaz,LC3bdmO-AGI,https://www.youtube.com/watch?v=LC3bdmO-AGI,20260821,
66,Mollu,Mollu,46,"3,2,2,1,3,6,1,4,2,2,2,3,2,1,3,3,3,3",18,LA MIA PRIMISSIMA GOLFATINA con Delux Rohn Gabbo e Jtaz,LC3bdmO-AGI,https://www.youtube.com/watch?v=LC3bdmO-AGI,20260821,
66,Mollu,Just Rohn,50,"1,2,2,1,2,5,4,4,3,2,1,4,2,1,2,6,4,4",18,LA MIA PRIMISSIMA GOLFATINA con Delux Rohn Gabbo e Jtaz,LC3bdmO-AGI,https://www.youtube.com/watch?v=LC3bdmO-AGI,20260821,
66,Mollu,JTaz,54,"1,2,1,3,4,6,1,5,2,3,2,3,3,2,3,4,4,5",18,LA MIA PRIMISSIMA GOLFATINA con Delux Rohn Gabbo e Jtaz,LC3bdmO-AGI,https://www.youtube.com/watch?v=LC3bdmO-AGI,20260821,
66,Mollu,Delux,65,"1,1,2,1,6,9,1,1,14,4,2,4,3,2,1,4,1,8",18,LA MIA PRIMISSIMA GOLFATINA con Delux Rohn Gabbo e Jtaz,LC3bdmO-AGI,https://www.youtube.com/watch?v=LC3bdmO-AGI,20260821,
66,Mollu,GaBBo,68,"1,1,2,5,3,14,4,4,3,3,3,2,4,1,6,4,4,4",18,LA MIA PRIMISSIMA GOLFATINA con Delux Rohn Gabbo e Jtaz,LC3bdmO-AGI,https://www.youtube.com/watch?v=LC3bdmO-AGI,20260821,
67,Just Rohn JR,PAR,55,"4,2,3,3,3,3,3,3,2,3,3,3,3,3,3,3,4,4",18,"LA GOLFATINA NEL MUSEO...PRENDE SUBITO UNA BRUTTA PIEGA...w/ROHN, DREAD, GABBO, DELUX e MOLLU ⛳",XXTN5QD3PXc,https://www.youtube.com/watch?v=XXTN5QD3PXc,20260821,
67,Just Rohn JR,nonsonodread,54,"5,1,2,5,3,2,1,4,4,1,5,1,2,1,4,4,6,3",18,"LA GOLFATINA NEL MUSEO...PRENDE SUBITO UNA BRUTTA PIEGA...w/ROHN, DREAD, GABBO, DELUX e MOLLU ⛳",XXTN5QD3PXc,https://www.youtube.com/watch?v=XXTN5QD3PXc,20260821,
67,Just Rohn JR,Just Rohn,55,"4,4,2,11,2,3,3,3,3,2,5,1,2,2,2,1,2,3",18,"LA GOLFATINA NEL MUSEO...PRENDE SUBITO UNA BRUTTA PIEGA...w/ROHN, DREAD, GABBO, DELUX e MOLLU ⛳",XXTN5QD3PXc,https://www.youtube.com/watch?v=XXTN5QD3PXc,20260821,
67,Just Rohn JR,Delux,57,"5,2,1,6,1,4,3,5,3,2,3,2,2,2,5,3,4,4",18,"LA GOLFATINA NEL MUSEO...PRENDE SUBITO UNA BRUTTA PIEGA...w/ROHN, DREAD, GABBO, DELUX e MOLLU ⛳",XXTN5QD3PXc,https://www.youtube.com/watch?v=XXTN5QD3PXc,20260821,
67,Just Rohn JR,Mollu,61,"10,4,2,10,2,3,2,4,3,1,3,1,1,1,2,8,1,3",18,"LA GOLFATINA NEL MUSEO...PRENDE SUBITO UNA BRUTTA PIEGA...w/ROHN, DREAD, GABBO, DELUX e MOLLU ⛳",XXTN5QD3PXc,https://www.youtube.com/watch?v=XXTN5QD3PXc,20260821,
67,Just Rohn JR,GaBBo,78,"8,6,3,8,5,3,3,5,5,3,7,2,3,2,2,3,8,2",18,"LA GOLFATINA NEL MUSEO...PRENDE SUBITO UNA BRUTTA PIEGA...w/ROHN, DREAD, GABBO, DELUX e MOLLU ⛳",XXTN5QD3PXc,https://www.youtube.com/watch?v=XXTN5QD3PXc,20260821,
68,Around Dread,PAR,74,"4,3,4,3,4,4,4,3,5,5,6,3,4,3,5,4,5,5",18,"GOLFATINA AI LIMITI DELLA PAZIENZA (Gabbo ha rotto TUTTO) Dread, Rohn, Gabbo, Masseo, Delux, Mollu",1mMxDTw_ytQ,https://www.youtube.com/watch?v=1mMxDTw_ytQ,20260826,
68,Around Dread,Delux,89,"2,2,4,2,3,7,3,4,8,6,6,2,4,3,6,14,7,6",18,"GOLFATINA AI LIMITI DELLA PAZIENZA (Gabbo ha rotto TUTTO) Dread, Rohn, Gabbo, Masseo, Delux, Mollu",1mMxDTw_ytQ,https://www.youtube.com/watch?v=1mMxDTw_ytQ,20260826,
68,Around Dread,Just Rohn,94,"3,2,4,2,3,2,3,3,7,5,7,3,3,3,5,14,11,14",18,"GOLFATINA AI LIMITI DELLA PAZIENZA (Gabbo ha rotto TUTTO) Dread, Rohn, Gabbo, Masseo, Delux, Mollu",1mMxDTw_ytQ,https://www.youtube.com/watch?v=1mMxDTw_ytQ,20260826,
68,Around Dread,ilMasseo,95,"3,3,6,4,4,4,3,2,5,3,7,2,5,2,7,14,9,12",18,"GOLFATINA AI LIMITI DELLA PAZIENZA (Gabbo ha rotto TUTTO) Dread, Rohn, Gabbo, Masseo, Delux, Mollu",1mMxDTw_ytQ,https://www.youtube.com/watch?v=1mMxDTw_ytQ,20260826,
68,Around Dread,nonsonodread,96,"3,3,4,2,5,5,3,3,4,6,6,3,5,3,10,14,9,8",18,"GOLFATINA AI LIMITI DELLA PAZIENZA (Gabbo ha rotto TUTTO) Dread, Rohn, Gabbo, Masseo, Delux, Mollu",1mMxDTw_ytQ,https://www.youtube.com/watch?v=1mMxDTw_ytQ,20260826,
68,Around Dread,Mollu,102,"3,3,5,3,4,3,5,3,8,5,9,2,4,4,5,14,8,14",18,"GOLFATINA AI LIMITI DELLA PAZIENZA (Gabbo ha rotto TUTTO) Dread, Rohn, Gabbo, Masseo, Delux, Mollu",1mMxDTw_ytQ,https://www.youtube.com/watch?v=1mMxDTw_ytQ,20260826,
69,GaBBoDSQ,PAR,90,"5,5,5,5,5,5,5,5,5,5,5,5,5,5,5,5,5,5",18,BENVENUTI ALL'INFERNO: SDROGO GOLFATINA DEMONIACA ( mappa folle ),xC_YNHOFDE4,https://www.youtube.com/watch?v=xC_YNHOFDE4,20260830,
69,GaBBoDSQ,ilMasseo,105,"2,8,2,3,3,16,5,4,5,3,6,13,10,4,2,9,4,6",18,BENVENUTI ALL'INFERNO: SDROGO GOLFATINA DEMONIACA ( mappa folle ),xC_YNHOFDE4,https://www.youtube.com/watch?v=xC_YNHOFDE4,20260830,
69,GaBBoDSQ,GaBBo,110,"6,3,5,3,7,7,6,2,7,5,6,1,7,2,16,8,3,16",18,BENVENUTI ALL'INFERNO: SDROGO GOLFATINA DEMONIACA ( mappa folle ),xC_YNHOFDE4,https://www.youtube.com/watch?v=xC_YNHOFDE4,20260830,
69,GaBBoDSQ,nonsonodread,116,"4,8,4,6,5,4,6,7,6,3,7,3,7,6,14,9,12,5",18,BENVENUTI ALL'INFERNO: SDROGO GOLFATINA DEMONIACA ( mappa folle ),xC_YNHOFDE4,https://www.youtube.com/watch?v=xC_YNHOFDE4,20260830,
69,GaBBoDSQ,Just Rohn,117,"3,5,8,13,4,10,4,5,7,3,3,9,6,3,6,16,7,5",18,BENVENUTI ALL'INFERNO: SDROGO GOLFATINA DEMONIACA ( mappa folle ),xC_YNHOFDE4,https://www.youtube.com/watch?v=xC_YNHOFDE4,20260830,
69,GaBBoDSQ,Delux,120,"1,6,6,5,5,12,6,8,9,3,3,6,7,3,2,16,11,11",18,BENVENUTI ALL'INFERNO: SDROGO GOLFATINA DEMONIACA ( mappa folle ),xC_YNHOFDE4,https://www.youtube.com/watch?v=xC_YNHOFDE4,20260830,
69,GaBBoDSQ,Mollu,154,"5,12,8,16,8,13,6,4,1,16,14,16,3,1,8,7,10,6",18,BENVENUTI ALL'INFERNO: SDROGO GOLFATINA DEMONIACA ( mappa folle ),xC_YNHOFDE4,https://www.youtube.com/watch?v=xC_YNHOFDE4,20260830,
70,JTaz Extra,PAR,57,"3,3,3,3,3,4,4,3,3,3,4,4,3,3,4,3,3,1",18,"ZUGU GOLFATINA ESTIVA 🏖️ con DREAD, ROHN, DELUX, JTAZ",UiuVahUOQWM,https://www.youtube.com/watch?v=UiuVahUOQWM,20260831,
70,JTaz Extra,Just Rohn,49,"1,1,2,3,3,3,2,2,2,3,7,3,2,2,2,6,3,2",18,"ZUGU GOLFATINA ESTIVA 🏖️ con DREAD, ROHN, DELUX, JTAZ",UiuVahUOQWM,https://www.youtube.com/watch?v=UiuVahUOQWM,20260831,
70,JTaz Extra,nonsonodread,54,"1,1,3,2,4,2,2,2,3,3,5,4,3,3,3,5,3,5",18,"ZUGU GOLFATINA ESTIVA 🏖️ con DREAD, ROHN, DELUX, JTAZ",UiuVahUOQWM,https://www.youtube.com/watch?v=UiuVahUOQWM,20260831,
70,JTaz Extra,JTaz,58,"1,4,4,3,3,2,2,3,3,2,8,3,2,3,2,5,4,4",18,"ZUGU GOLFATINA ESTIVA 🏖️ con DREAD, ROHN, DELUX, JTAZ",UiuVahUOQWM,https://www.youtube.com/watch?v=UiuVahUOQWM,20260831,
70,JTaz Extra,Delux,62,"4,2,5,3,2,2,3,2,3,3,11,4,3,3,3,4,3,2",18,"ZUGU GOLFATINA ESTIVA 🏖️ con DREAD, ROHN, DELUX, JTAZ",UiuVahUOQWM,https://www.youtube.com/watch?v=UiuVahUOQWM,20260831,
71,oessaM,PAR,76,"4,5,4,3,4,5,4,3,5,4,4,5,3,5,4,5,4,5",18,GOLFATINA da RIABILITAZIONE con @AroundDread @GaBBoDSQ @oDeluxx @Mollu,vwu4uBpJpGY,https://www.youtube.com/watch?v=vwu4uBpJpGY,20260831,
71,oessaM,nonsonodread,64,"4,3,3,2,3,5,4,4,6,2,2,5,1,3,3,5,5,4",18,GOLFATINA da RIABILITAZIONE con @AroundDread @GaBBoDSQ @oDeluxx @Mollu,vwu4uBpJpGY,https://www.youtube.com/watch?v=vwu4uBpJpGY,20260831,
71,oessaM,GaBBo,75,"5,5,5,1,3,3,3,3,5,3,8,5,1,4,1,9,5,6",18,GOLFATINA da RIABILITAZIONE con @AroundDread @GaBBoDSQ @oDeluxx @Mollu,vwu4uBpJpGY,https://www.youtube.com/watch?v=vwu4uBpJpGY,20260831,
71,oessaM,ilMasseo,80,"4,6,3,3,3,4,3,3,7,4,3,10,1,4,7,7,2,6",18,GOLFATINA da RIABILITAZIONE con @AroundDread @GaBBoDSQ @oDeluxx @Mollu,vwu4uBpJpGY,https://www.youtube.com/watch?v=vwu4uBpJpGY,20260831,
71,oessaM,Mollu,82,"5,3,2,1,7,3,6,3,8,7,4,7,2,7,2,4,6,5",18,GOLFATINA da RIABILITAZIONE con @AroundDread @GaBBoDSQ @oDeluxx @Mollu,vwu4uBpJpGY,https://www.youtube.com/watch?v=vwu4uBpJpGY,20260831,
71,oessaM,Delux,89,"5,3,3,3,7,4,4,2,5,3,4,8,2,5,14,4,1,12",18,GOLFATINA da RIABILITAZIONE con @AroundDread @GaBBoDSQ @oDeluxx @Mollu,vwu4uBpJpGY,https://www.youtube.com/watch?v=vwu4uBpJpGY,20260831,
72,Delux,PAR,62,"4,4,1,3,4,4,4,3,3,1,3,2,5,4,5,4,3,5",18,"C'É UN PO DI GOLFATINA IN QUESTA CENSURA. con Delux, Rohn, Dread & JTaz",LMg9XwLmyhs,https://www.youtube.com/watch?v=LMg9XwLmyhs,20260901,
72,Delux,Delux,93,"15,10,18,2,3,3,6,8,3,2,2,1,2,4,1,2,5,6",18,"C'É UN PO DI GOLFATINA IN QUESTA CENSURA. con Delux, Rohn, Dread & JTaz",LMg9XwLmyhs,https://www.youtube.com/watch?v=LMg9XwLmyhs,20260901,
72,Delux,nonsonodread,93,"12,11,8,3,4,5,6,10,4,2,4,2,3,4,1,5,5,4",18,"C'É UN PO DI GOLFATINA IN QUESTA CENSURA. con Delux, Rohn, Dread & JTaz",LMg9XwLmyhs,https://www.youtube.com/watch?v=LMg9XwLmyhs,20260901,
72,Delux,JTaz,96,"8,13,9,1,4,7,10,6,4,2,5,2,2,3,4,7,4,5",18,"C'É UN PO DI GOLFATINA IN QUESTA CENSURA. con Delux, Rohn, Dread & JTaz",LMg9XwLmyhs,https://www.youtube.com/watch?v=LMg9XwLmyhs,20260901,
72,Delux,Just Rohn,101,"6,11,8,2,3,6,7,18,4,2,8,2,2,3,7,3,6,3",18,"C'É UN PO DI GOLFATINA IN QUESTA CENSURA. con Delux, Rohn, Dread & JTaz",LMg9XwLmyhs,https://www.youtube.com/watch?v=LMg9XwLmyhs,20260901,
